summary_id,year,race,hispanic,age_cohort,total_births,avg_prenatal_care_start_month,avg_num_prenatal_visits,avg_body_mass_index,prepregnancy_diabetes_count,gestational_diabetes_count,prepregnancy_hypertension_count,gestational_hypertension_count,hypertension_eclampsia_count,prev_preterm_birth_count,prev_cesarean_count,total_risk_factors,total_prev_cesareans,delivery_vaginal_count,delivery_vaginal_prior_cesarean_count,delivery_primary_cesarean_count,delivery_repeat_cesarean_count,delivery_vaginal_unknown_prior_count,delivery_cesarean_unknown_prior_count,delivery_not_stated_count,total_delivery_vaginal,total_delivery_cesarean,maternal_transfusion_count,perineal_laceration_count,ruptured_uterus_count,unplanned_hysterectomy_count,admit_intensive_care_count,total_morbidity_count,gestation_weeks
2009110,2009,Hispanic,Hispanic,10-14,1543,3.9886,8.8000,22.88583,1,11,4,80,4,1,2,103,200,1217,0,322,2,1,0,1,1218,324,4,18,1,0,6,29,37.94412
2009111,2009,Hispanic,Hispanic,15-19,101543,3.5479,9.8919,24.35900,179,1093,246,3201,190,518,3546,8973,23133,78477,308,19327,3238,131,27,35,78916,22592,210,869,11,12,224,1326,38.48739
2009112,2009,Hispanic,Hispanic,20-24,201658,3.2866,10.3452,26.07140,716,4271,694,5454,285,2126,22196,35742,90896,143059,1711,35782,20481,385,105,135,145155,56368,343,1311,31,30,334,2049,38.55864
2009113,2009,Hispanic,Hispanic,25-29,199500,3.0781,10.7595,26.95160,1188,7737,1046,5176,250,2876,32307,50580,114561,132257,2597,34348,29706,344,126,122,135198,64180,295,1050,29,48,341,1763,38.52183
2009114,2009,Hispanic,Hispanic,30-34,145233,2.9840,10.9913,27.27036,1370,9058,1156,4137,239,2249,29256,47465,93138,87896,2307,27689,26945,216,84,96,90419,54718,278,706,32,86,331,1433,38.37136
2009115,2009,Hispanic,Hispanic,35-39,73244,2.9652,11.1423,27.46370,1046,6461,943,2548,124,1129,17298,29549,53454,39557,1220,16196,16077,97,46,51,40874,32319,160,325,8,65,190,748,38.15722
2009116,2009,Hispanic,Hispanic,40-44,16281,3.0177,11.2243,27.78298,330,1856,388,768,34,305,3942,7623,12574,7910,255,4385,3687,24,11,9,8189,8083,46,60,9,15,63,193,37.90471
2009117,2009,Hispanic,Hispanic,45-49,897,3.0780,11.5805,27.25815,25,115,45,61,2,15,214,477,994,362,14,318,200,2,0,1,378,518,5,1,0,8,8,22,37.47882
2009118,2009,Hispanic,Hispanic,50-54,40,2.7778,11.5429,28.16923,1,7,6,9,0,0,7,30,9,8,0,25,7,0,0,0,8,32,2,0,0,0,0,2,35.81250
2009100,2009,"White, Non-Hispanic",Non-Hispanic,10-14,675,4.0620,9.7051,22.62864,0,6,2,43,0,0,3,54,300,516,0,153,3,2,1,0,518,157,2,10,0,0,0,12,38.15156
2009101,2009,"White, Non-Hispanic",Non-Hispanic,15-19,106689,3.4671,10.7057,24.18243,310,1679,456,5079,228,680,2641,11073,57389,81193,155,22238,2485,372,107,139,81720,24830,274,1229,14,10,116,1643,38.62660
2009102,2009,"White, Non-Hispanic",Non-Hispanic,20-24,330299,3.2287,11.0169,25.82907,1484,8347,2490,15232,603,6095,28861,63112,225096,234364,2002,65079,26843,1142,407,462,237508,92329,737,3405,60,55,351,4608,38.64222
2009103,2009,"White, Non-Hispanic",Non-Hispanic,25-29,435171,2.8998,11.4964,26.06102,2408,15782,4611,19824,765,9951,51003,104344,286529,295102,4533,86868,46461,1179,509,519,300814,133838,936,5529,104,107,409,7085,38.61029
2009104,2009,"White, Non-Hispanic",Non-Hispanic,30-34,364797,2.7541,11.6942,25.86721,2498,17248,5035,15558,609,9065,57186,107199,256586,229700,5205,76302,51971,860,408,351,235765,128681,864,3884,111,160,414,5433,38.51638
2009105,2009,"White, Non-Hispanic",Non-Hispanic,35-39,176163,2.7408,11.8005,25.99117,1540,11209,3417,7890,329,4950,35011,64346,155538,98749,3042,41562,31964,427,236,183,102218,73762,507,1288,62,121,282,2260,38.31699
2009106,2009,"White, Non-Hispanic",Non-Hispanic,40-44,39747,2.7978,11.8963,25.98562,448,3182,1055,2163,86,1172,8480,16586,39044,19800,841,11258,7636,87,67,58,20728,18961,141,219,10,47,74,491,38.11212
2009107,2009,"White, Non-Hispanic",Non-Hispanic,45-49,3096,2.8464,12.3665,25.42543,19,249,107,271,16,91,622,1375,3530,1151,50,1309,572,8,5,1,1209,1886,15,13,3,4,17,52,37.43705
2009108,2009,"White, Non-Hispanic",Non-Hispanic,50-54,298,2.6605,13.3829,25.61771,2,30,9,30,1,13,61,146,384,70,4,165,56,2,0,1,76,221,1,0,0,2,0,3,36.35067
2009210,2009,Black,Hispanic,10-14,78,4.2143,8.6986,23.86567,1,0,0,4,0,1,0,6,198,58,0,18,0,2,0,0,60,18,0,0,0,0,0,0,37.73718
2009211,2009,Black,Hispanic,15-19,5011,3.6562,9.6230,24.63686,11,57,27,192,12,41,184,524,4968,3785,26,991,158,33,5,13,3844,1154,8,44,1,3,8,64,38.30694
2009212,2009,Black,Hispanic,20-24,10241,3.4771,9.9877,26.36461,44,231,70,365,25,182,1087,2004,12513,6957,103,2087,984,74,16,20,7134,3087,24,50,1,3,11,89,38.44094
2009213,2009,Black,Hispanic,25-29,8505,3.2566,10.4034,27.46312,70,358,104,260,7,249,1301,2349,14003,5444,109,1643,1192,79,18,20,5632,2853,20,36,4,6,24,90,38.36530
2009214,2009,Black,Hispanic,30-34,5495,3.1210,10.7424,27.67619,49,407,91,214,9,161,1086,2017,8956,3111,87,1231,999,41,16,10,3239,2246,9,16,4,1,14,44,38.23524
2009215,2009,Black,Hispanic,35-39,2598,3.1105,10.8508,27.66730,47,224,84,125,11,67,595,1153,3849,1361,59,613,534,18,8,5,1438,1155,4,9,0,1,6,20,38.00868
2009216,2009,Black,Hispanic,40-44,614,3.0987,11.1369,28.05655,20,72,20,28,1,18,131,290,1077,303,6,176,125,3,1,0,312,302,1,3,0,2,1,7,37.69331
2009217,2009,Black,Hispanic,45-49,30,3.3600,9.3077,27.77083,0,3,1,2,0,2,6,14,108,10,0,13,6,0,1,0,10,20,0,0,0,0,0,0,36.71667
2009218,2009,Black,Hispanic,50-54,2,3.5000,9.5000,34.65000,0,0,0,0,0,0,0,0,0,1,0,1,0,0,0,0,1,1,0,0,0,0,0,0,39.50000
2009200,2009,Black,Non-Hispanic,10-14,991,4.3729,8.0681,23.65856,3,8,5,53,3,1,1,74,1486,770,0,205,1,12,2,1,782,208,1,19,2,0,3,25,37.51321
2009201,2009,Black,Non-Hispanic,15-19,58700,3.6669,9.5750,25.04977,167,663,423,2879,177,424,2047,6780,90498,42755,165,12976,1881,657,198,68,43577,15055,108,489,43,5,122,767,38.04466
2009202,2009,Black,Non-Hispanic,20-24,116037,3.4258,9.9512,27.09310,553,2340,1416,5214,292,2720,13356,25891,206842,75973,1211,24879,12141,1198,495,140,78382,37515,259,571,96,28,238,1192,38.03915
2009203,2009,Black,Non-Hispanic,25-29,93937,3.1637,10.4751,28.50487,782,3530,2135,4524,248,3141,15063,29423,177375,57319,1348,20103,13711,865,456,135,59532,34270,231,408,65,36,210,950,37.96738
2009204,2009,Black,Non-Hispanic,30-34,61314,3.0678,10.7085,29.12949,852,3399,2232,3255,172,2222,11687,23819,112894,34349,1128,14462,10559,468,291,57,35945,25312,160,239,48,36,191,674,37.84691
2009205,2009,Black,Non-Hispanic,35-39,31785,3.0258,10.8459,29.30158,657,2237,1827,1889,125,1240,6917,14892,63097,15619,631,8799,6286,216,181,53,16466,15266,116,113,30,36,127,422,37.62066
2009206,2009,Black,Non-Hispanic,40-44,7888,3.0951,10.7642,29.17417,219,656,610,536,23,320,1830,4194,16800,3447,158,2497,1672,47,52,15,3652,4221,23,24,11,7,40,105,37.56256
2009207,2009,Black,Non-Hispanic,45-49,533,3.2096,10.8673,28.70186,11,51,51,46,5,13,98,275,924,201,9,226,89,1,4,3,211,319,4,2,0,0,8,14,37.15009
2009208,2009,Black,Non-Hispanic,50-54,37,2.9032,11.2000,26.49667,1,3,0,2,0,0,7,13,106,16,0,13,7,1,0,0,17,20,0,1,0,0,0,1,36.55405
2009310,2009,"American Indian/Alaskan Native",Hispanic,10-14,18,4.2353,9.2222,23.86667,0,0,0,1,0,0,0,1,0,14,0,4,0,0,0,0,14,4,0,1,0,0,0,1,38.41667
2009311,2009,"American Indian/Alaskan Native",Hispanic,15-19,920,3.9271,9.6565,24.49680,5,13,4,34,4,7,23,90,23,738,2,159,21,0,0,0,740,180,3,10,0,0,2,15,38.74457
2009312,2009,"American Indian/Alaskan Native",Hispanic,20-24,1676,3.5234,10.0217,26.60449,9,59,17,55,1,38,183,362,1132,1198,22,286,161,3,2,4,1223,449,5,22,0,0,4,31,38.58662
2009313,2009,"American Indian/Alaskan Native",Hispanic,25-29,1345,3.4080,10.3426,28.02924,10,85,9,51,3,31,215,404,1002,931,16,192,199,5,2,0,952,393,3,6,0,1,2,12,38.60134
2009314,2009,"American Indian/Alaskan Native",Hispanic,30-34,784,3.4274,10.4554,28.31387,10,68,12,27,3,25,151,296,728,489,16,138,135,3,1,2,508,274,3,2,2,2,1,10,38.31737
2009315,2009,"American Indian/Alaskan Native",Hispanic,35-39,316,3.1480,10.7928,28.50500,8,29,1,18,1,9,57,123,295,184,5,73,52,1,1,0,190,126,1,3,0,0,2,6,38.19146
2009316,2009,"American Indian/Alaskan Native",Hispanic,40-44,79,2.9452,11.6667,27.57867,0,12,1,9,0,2,16,40,22,47,1,16,15,0,0,0,48,31,1,0,1,0,0,2,37.39241
2009317,2009,"American Indian/Alaskan Native",Hispanic,45-49,4,5.2500,9.2500,31.20000,0,1,0,0,0,0,0,1,0,2,0,2,0,0,0,0,2,2,0,0,0,0,0,0,40.25000
2009300,2009,"American Indian/Alaskan Native",Non-Hispanic,10-14,47,4.9348,9.7391,23.47447,0,1,0,2,0,0,0,3,0,33,0,14,0,0,0,0,33,14,0,1,0,0,0,1,39.00000
2009301,2009,"American Indian/Alaskan Native",Non-Hispanic,15-19,4097,3.8218,9.3941,24.88375,14,70,21,228,15,37,122,507,430,3193,9,779,113,1,2,0,3203,894,20,67,0,1,4,92,38.45296
2009302,2009,"American Indian/Alaskan Native",Non-Hispanic,20-24,8111,3.7284,9.5299,27.30053,63,263,57,349,31,171,887,1821,2819,5809,51,1401,836,6,5,3,5866,2242,39,59,2,0,13,113,38.52462
2009303,2009,"American Indian/Alaskan Native",Non-Hispanic,25-29,6344,3.5035,9.9066,28.85390,116,336,103,285,22,201,997,2060,2925,4248,94,1084,903,6,4,5,4348,1991,35,27,3,2,15,82,38.43303
2009304,2009,"American Indian/Alaskan Native",Non-Hispanic,30-34,3759,3.3449,10.2303,29.43449,116,295,97,200,18,131,695,1552,1925,2327,68,731,627,4,1,1,2399,1359,28,16,2,2,9,57,38.19368
2009305,2009,"American Indian/Alaskan Native",Non-Hispanic,35-39,1627,3.4797,10.6532,29.91442,82,204,58,130,17,70,343,904,1363,909,35,369,308,2,2,2,946,679,10,7,0,2,8,27,37.97383
2009306,2009,"American Indian/Alaskan Native",Non-Hispanic,40-44,363,3.4633,10.2564,29.79795,17,54,28,28,2,17,81,227,326,201,10,79,71,0,1,1,211,151,3,1,0,1,3,8,37.71763
2009307,2009,"American Indian/Alaskan Native",Non-Hispanic,45-49,19,3.1875,9.4444,29.21176,0,1,3,2,0,0,3,9,3,9,3,7,0,0,0,0,12,7,0,0,0,0,0,0,37.88889
2009308,2009,"American Indian/Alaskan Native",Non-Hispanic,50-54,3,3.3333,10.6667,28.16667,0,0,0,1,0,0,1,2,2,1,0,1,1,0,0,0,1,2,0,0,0,0,0,0,39.33333
2009410,2009,"Asian/Pacific Islander",Hispanic,10-14,10,3.7778,6.3333,23.95000,0,1,0,0,0,0,0,1,0,8,0,2,0,0,0,0,8,2,0,0,0,0,0,0,38.35000
2009411,2009,"Asian/Pacific Islander",Hispanic,15-19,732,3.6898,9.4359,23.90309,2,8,1,31,1,4,17,64,907,581,3,125,14,6,2,1,590,141,1,5,0,0,0,6,38.35734
2009412,2009,"Asian/Pacific Islander",Hispanic,20-24,1686,3.4311,10.0454,25.63849,8,47,7,60,5,28,156,311,2767,1197,12,306,144,17,3,7,1226,453,3,17,1,1,1,23,38.58596
2009413,2009,"Asian/Pacific Islander",Hispanic,25-29,1732,3.3381,10.4675,26.28731,15,80,8,43,4,27,236,413,2991,1165,35,305,201,14,7,5,1214,513,5,14,1,0,1,21,38.39652
2009414,2009,"Asian/Pacific Islander",Hispanic,30-34,1263,3.1729,10.9316,26.34938,10,90,11,40,1,21,208,381,1864,794,25,248,183,8,2,3,827,433,1,12,1,0,1,15,38.36184
2009415,2009,"Asian/Pacific Islander",Hispanic,35-39,678,3.0065,11.1824,26.28865,7,61,12,22,0,13,138,253,993,393,8,139,130,5,0,3,406,269,0,5,0,1,0,6,38.30678
2009416,2009,"Asian/Pacific Islander",Hispanic,40-44,145,2.9254,12.0150,26.34154,2,21,5,7,0,4,30,69,141,82,4,32,26,1,0,0,87,58,0,0,0,0,1,1,37.97917
2009417,2009,"Asian/Pacific Islander",Hispanic,45-49,10,3.2500,12.3750,25.57778,0,0,0,0,0,0,3,3,4,3,0,4,3,0,0,0,3,7,0,0,0,0,0,0,38.11111
2009400,2009,"Asian/Pacific Islander",Non-Hispanic,10-14,43,4.1316,8.7250,22.72821,0,0,0,0,0,0,0,0,99,32,0,10,0,1,0,0,33,10,0,2,0,0,0,2,38.25581
2009401,2009,"Asian/Pacific Islander",Non-Hispanic,15-19,3420,3.8284,9.4545,23.09461,5,58,3,91,4,16,74,251,2259,2806,8,516,66,16,4,4,2830,586,6,47,1,1,4,59,38.20469
2009402,2009,"Asian/Pacific Islander",Non-Hispanic,20-24,17387,3.4019,10.3740,23.42562,66,619,60,367,13,148,1001,2274,8998,13080,113,3202,888,60,13,31,13253,4103,28,292,2,3,23,348,38.54269
2009403,2009,"Asian/Pacific Islander",Non-Hispanic,25-29,45725,2.9672,11.2407,23.09570,204,2827,177,905,38,375,3854,8380,17599,31784,389,9911,3464,76,30,71,32249,13405,67,917,11,16,59,1070,38.65360
2009404,2009,"Asian/Pacific Islander",Non-Hispanic,30-34,57520,2.7683,11.5474,22.98825,347,4552,321,1210,47,615,8098,15190,28629,36802,674,12405,7421,95,54,69,37571,19880,94,870,14,23,59,1060,38.49673
2009405,2009,"Asian/Pacific Islander",Non-Hispanic,35-39,33218,2.7331,11.6463,23.08582,300,3342,362,899,38,435,6300,11676,18740,19056,427,7760,5872,59,19,25,19542,13651,82,342,18,35,60,537,38.25638
2009406,2009,"Asian/Pacific Islander",Non-Hispanic,40-44,6927,2.8438,11.6806,23.43203,82,910,142,274,7,95,1472,2982,4394,3410,99,2022,1373,12,4,7,3521,3399,25,62,5,15,25,132,37.98454
2009407,2009,"Asian/Pacific Islander",Non-Hispanic,45-49,473,2.8367,12.1357,23.88014,8,66,12,34,0,5,88,213,315,159,3,225,85,1,0,0,163,310,3,4,0,2,3,12,37.41015
2009408,2009,"Asian/Pacific Islander",Non-Hispanic,50-54,49,2.8444,11.2273,23.96591,0,7,4,6,0,0,4,21,203,16,0,27,4,0,2,0,16,33,0,0,0,0,0,0,35.75510
2010110,2010,Hispanic,Hispanic,10-14,1443,4.1221,8.8661,23.20481,1,13,2,69,1,0,4,90,598,1147,1,286,3,4,2,0,1152,291,7,25,0,0,4,36,37.95993
2010111,2010,Hispanic,Hispanic,15-19,97854,3.5147,10.0172,24.42180,185,1131,227,3419,189,455,3288,8894,26237,75941,269,18374,3019,158,32,61,76368,21425,211,912,15,6,218,1362,38.48901
2010112,2010,Hispanic,Hispanic,20-24,203240,3.2471,10.4928,26.20049,703,4501,764,5845,285,2406,22762,37266,91764,144757,1821,35115,20935,416,73,123,146994,56123,360,1411,30,20,321,2142,38.57420
2010113,2010,Hispanic,Hispanic,25-29,205593,3.0520,10.8858,27.05717,1269,8409,1111,5915,280,2997,34056,54037,115353,136104,2866,34813,31187,408,85,130,139378,66085,360,1235,41,67,351,2054,38.52858
2010114,2010,Hispanic,Hispanic,30-34,155299,2.9599,11.1337,27.41645,1549,9997,1356,4949,228,2629,31772,52480,105814,94281,2560,28808,29206,283,67,94,97124,58081,294,826,52,79,349,1600,38.37984
2010115,2010,Hispanic,Hispanic,35-39,79782,2.9474,11.2831,27.61639,1241,7418,1158,3161,150,1427,19115,33670,60053,43595,1429,16834,17684,143,46,51,45167,34564,186,363,29,66,260,904,38.17369
2010116,2010,Hispanic,Hispanic,40-44,18001,3.0271,11.3308,27.87509,404,2092,405,941,41,343,4478,8704,15522,8958,320,4504,4158,39,10,12,9317,8672,52,78,12,17,67,226,37.93498
2010117,2010,Hispanic,Hispanic,45-49,923,3.0011,11.8782,27.19674,22,126,36,68,5,24,206,487,802,368,10,348,196,1,0,0,379,544,4,2,0,3,5,14,37.46421
2010118,2010,Hispanic,Hispanic,50-54,42,2.8049,13.7250,27.22105,0,11,2,2,0,0,11,26,13,12,1,19,10,0,0,0,13,29,0,0,0,0,0,0,36.58333
2010100,2010,"White, Non-Hispanic",Non-Hispanic,10-14,753,3.9834,9.8738,22.83164,0,11,0,55,4,2,2,74,596,597,0,148,2,2,2,2,599,152,4,20,0,0,3,27,37.96941
2010101,2010,"White, Non-Hispanic",Non-Hispanic,15-19,110150,3.4130,10.8455,24.20841,356,1796,500,5689,287,748,2535,11911,51011,84713,190,22320,2344,328,109,146,85231,24773,317,1472,11,16,144,1960,38.61438
2010102,2010,"White, Non-Hispanic",Non-Hispanic,20-24,355551,3.1995,11.1052,25.91267,1583,9602,2789,17004,808,7037,31024,69847,198345,253917,2361,68877,28657,929,321,489,257207,97855,922,3941,68,48,373,5352,38.66032
2010103,2010,"White, Non-Hispanic",Non-Hispanic,25-29,492725,2.8798,11.6059,26.13258,2882,18969,5608,23796,958,11652,59324,123189,293348,334917,5728,96350,53581,1069,442,638,341714,150373,1183,6711,128,134,459,8615,38.63457
2010104,2010,"White, Non-Hispanic",Non-Hispanic,30-34,429774,2.7538,11.8118,25.94215,3017,21286,6142,19559,779,11179,68485,130447,294573,271244,6754,88318,61714,883,399,462,278881,150431,1068,5110,108,156,441,6883,38.55098
2010105,2010,"White, Non-Hispanic",Non-Hispanic,35-39,197512,2.7476,11.9273,26.11872,1819,12955,4116,9277,428,5819,39955,74369,169753,111335,3869,45337,36069,422,227,253,115626,81633,546,1768,77,159,353,2903,38.34552
2010106,2010,"White, Non-Hispanic",Non-Hispanic,40-44,45833,2.8209,12.0074,26.13011,565,3773,1338,2449,122,1344,9802,19393,43536,22897,981,12924,8819,90,54,68,23968,21797,174,332,20,52,106,684,38.14468
2010107,2010,"White, Non-Hispanic",Non-Hispanic,45-49,3337,2.8578,12.5576,25.72773,33,306,99,347,14,108,706,1613,3498,1201,63,1415,642,4,5,7,1268,2062,20,13,3,10,17,63,37.43581
2010108,2010,"White, Non-Hispanic",Non-Hispanic,50-54,306,2.8768,12.1581,25.38070,8,23,15,36,0,10,65,157,592,82,1,156,64,2,1,0,85,221,2,0,0,0,1,3,36.88399
2010210,2010,Black,Hispanic,10-14,53,4.3750,8.2391,24.15714,0,0,0,4,0,0,1,5,1,41,0,11,1,0,0,0,41,12,0,1,0,0,0,1,37.84906
2010211,2010,Black,Hispanic,15-19,4777,3.6946,9.7372,24.72243,11,61,26,188,13,41,137,477,2427,3684,19,931,118,18,4,3,3721,1053,17,31,1,0,3,52,38.30515
2010212,2010,Black,Hispanic,20-24,9902,3.4533,10.2125,26.57165,46,241,73,360,7,211,1079,2017,5850,6808,109,1964,969,23,14,15,6940,2947,18,76,0,1,10,105,38.47952
2010213,2010,Black,Hispanic,25-29,8437,3.2568,10.6570,27.31943,55,373,93,282,10,240,1359,2412,7194,5473,127,1554,1232,26,14,11,5626,2800,15,54,2,7,8,86,38.41733
2010214,2010,Black,Hispanic,30-34,5638,3.1627,10.9907,27.83698,85,396,110,210,10,175,1042,2028,4871,3339,89,1224,953,15,11,7,3443,2188,11,21,2,1,7,42,38.30032
2010215,2010,Black,Hispanic,35-39,2665,3.1161,11.0688,27.80723,64,250,89,119,5,86,599,1212,2643,1422,40,628,559,11,1,4,1473,1188,10,17,0,0,6,33,38.02104
2010216,2010,Black,Hispanic,40-44,602,3.3055,11.0036,28.45568,20,63,35,44,0,18,149,329,908,284,9,161,139,4,3,2,297,303,3,2,0,0,0,5,37.89684
2010217,2010,Black,Hispanic,45-49,40,3.6154,11.8158,29.01622,3,8,4,3,0,1,7,26,9,15,0,18,7,0,0,0,15,25,0,0,0,0,0,0,36.85000
2010218,2010,Black,Hispanic,50-54,1,1.0000,14.0000,28.90000,0,0,0,0,0,0,1,1,4,0,0,0,1,0,0,0,0,1,0,0,0,0,0,0,37.50000
2010200,2010,Black,Non-Hispanic,10-14,1129,4.4795,8.0870,23.81019,5,12,4,88,6,2,2,119,1883,883,0,223,2,17,1,3,900,226,3,20,0,0,2,25,37.35689
2010201,2010,Black,Non-Hispanic,15-19,64707,3.6270,9.5930,25.12930,188,761,526,3403,226,557,2213,7874,84651,47738,283,13860,1930,633,154,109,48654,15944,146,651,13,9,119,938,38.07500
2010202,2010,Black,Non-Hispanic,20-24,136865,3.3776,10.0360,27.16441,700,2897,1818,6772,364,3398,15468,31417,198542,90743,1547,28852,13916,1145,447,215,93435,43215,333,917,44,22,231,1547,38.07260
2010203,2010,Black,Non-Hispanic,25-29,108356,3.1689,10.5174,28.66034,969,4118,2703,5525,341,4039,17693,35388,155458,66005,1866,23453,15822,708,341,161,68579,39616,299,650,44,45,238,1276,38.00603
2010204,2010,Black,Non-Hispanic,30-34,75783,3.0843,10.7766,29.21070,1135,4276,3179,4298,258,2999,14510,30655,103580,42487,1493,18059,13013,395,220,116,44375,31292,224,501,32,47,200,1004,37.87921
2010205,2010,Black,Non-Hispanic,35-39,38010,3.0469,10.8890,29.46438,821,2766,2308,2442,139,1609,8404,18489,57995,18974,763,10244,7637,202,121,69,19939,18002,115,226,23,37,140,541,37.66896
2010206,2010,Black,Non-Hispanic,40-44,9882,3.1112,10.8544,29.41981,258,889,855,676,47,429,2306,5460,16142,4286,201,3183,2104,43,46,19,4530,5333,48,42,3,24,54,171,37.51436
2010207,2010,Black,Non-Hispanic,45-49,708,3.2472,11.0063,28.78971,18,77,67,58,2,28,161,411,1220,250,17,289,144,2,5,1,269,438,4,3,0,0,4,11,36.96605
2010208,2010,Black,Non-Hispanic,50-54,55,2.8269,11.2830,27.79796,0,4,5,10,0,1,4,24,4,14,0,37,4,0,0,0,14,41,0,0,0,1,0,1,36.32727
2010310,2010,"American Indian/Alaskan Native",Hispanic,10-14,18,4.4444,8.6471,22.40588,0,0,0,1,0,0,0,1,0,17,0,1,0,0,0,0,17,1,0,0,0,0,0,0,38.16667
2010311,2010,"American Indian/Alaskan Native",Hispanic,15-19,977,3.8166,9.6796,25.02521,1,18,4,49,0,7,36,115,141,762,2,178,34,0,1,0,764,213,4,12,1,0,0,17,38.54611
2010312,2010,"American Indian/Alaskan Native",Hispanic,20-24,1522,3.7181,9.8611,26.66269,3,29,2,49,6,35,148,272,888,1146,17,223,131,2,0,3,1165,354,4,7,2,0,1,14,38.67072
2010313,2010,"American Indian/Alaskan Native",Hispanic,25-29,1364,3.4687,10.1528,28.07949,17,70,12,53,1,37,229,419,657,924,33,210,196,1,0,0,958,406,7,14,0,0,1,22,38.55539
2010314,2010,"American Indian/Alaskan Native",Hispanic,30-34,819,3.1239,10.8946,28.51300,12,78,10,28,0,22,166,316,579,517,20,134,146,1,1,0,538,281,6,6,0,0,2,14,38.34860
2010315,2010,"American Indian/Alaskan Native",Hispanic,35-39,385,3.1613,11.1589,29.03649,5,50,8,20,1,12,74,170,214,218,8,92,66,1,0,0,227,158,2,1,0,0,0,3,38.29557
2010316,2010,"American Indian/Alaskan Native",Hispanic,40-44,78,3.0400,11.4085,28.16575,5,9,4,5,0,3,16,42,26,46,1,16,15,0,0,0,47,31,0,0,0,0,0,0,38.53289
2010317,2010,"American Indian/Alaskan Native",Hispanic,45-49,2,2.5000,13.5000,23.15000,0,0,0,0,0,0,0,0,0,2,0,0,0,0,0,0,2,0,0,0,0,0,0,0,38.50000
2010300,2010,"American Indian/Alaskan Native",Non-Hispanic,10-14,49,4.6250,7.9388,23.10652,0,0,0,0,0,0,0,0,0,41,0,8,0,0,0,0,41,8,1,1,0,0,0,2,38.07143
2010301,2010,"American Indian/Alaskan Native",Non-Hispanic,15-19,3956,3.8368,9.2984,25.13420,17,71,29,182,14,32,146,491,853,3093,15,709,131,5,1,2,3113,841,24,45,2,0,5,76,38.48748
2010302,2010,"American Indian/Alaskan Native",Non-Hispanic,20-24,8793,3.6744,9.6259,27.40984,54,293,78,418,32,202,1019,2096,2959,6228,73,1534,946,6,2,4,6307,2482,29,69,4,2,10,114,38.49368
2010303,2010,"American Indian/Alaskan Native",Non-Hispanic,25-29,6842,3.4473,9.9667,28.75423,113,381,129,324,25,202,1158,2332,3397,4520,110,1154,1048,7,1,2,4637,2203,22,44,3,7,12,88,38.43201
2010304,2010,"American Indian/Alaskan Native",Non-Hispanic,30-34,4083,3.3069,10.3299,29.55131,110,362,118,215,12,176,762,1755,2928,2541,81,772,681,5,2,1,2627,1455,22,17,2,6,16,63,38.17100
2010305,2010,"American Indian/Alaskan Native",Non-Hispanic,35-39,1746,3.2624,10.6579,29.84702,76,201,86,135,7,75,364,944,1408,984,34,390,330,3,1,4,1021,721,13,4,1,3,3,24,38.02869
2010306,2010,"American Indian/Alaskan Native",Non-Hispanic,40-44,389,3.4711,10.5511,29.16593,27,54,25,41,2,12,79,240,333,191,8,117,71,2,0,0,201,188,1,3,1,0,1,6,37.93264
2010307,2010,"American Indian/Alaskan Native",Non-Hispanic,45-49,23,2.5455,10.5909,28.15000,2,1,2,3,0,0,3,11,5,4,0,16,3,0,0,0,4,19,0,0,0,0,0,0,35.08696
2010308,2010,"American Indian/Alaskan Native",Non-Hispanic,50-54,1,2.0000,9.0000,22.60000,0,0,0,0,0,0,1,1,1,0,0,0,1,0,0,0,0,1,1,0,0,1,0,2,32.50000
2010410,2010,"Asian/Pacific Islander",Hispanic,10-14,6,3.6667,9.3333,19.20000,0,0,0,2,0,0,0,2,0,5,0,1,0,0,0,0,5,1,0,0,0,0,0,0,38.33333
2010411,2010,"Asian/Pacific Islander",Hispanic,15-19,714,3.6173,9.9663,24.00110,2,9,3,23,2,2,13,54,509,575,0,121,13,3,0,2,578,134,1,9,0,1,0,11,38.48310
2010412,2010,"Asian/Pacific Islander",Hispanic,20-24,1654,3.4118,10.2697,25.60127,6,33,4,54,3,30,169,299,1112,1211,18,267,151,4,1,2,1233,419,7,16,3,0,3,29,38.55670
2010413,2010,"Asian/Pacific Islander",Hispanic,25-29,1825,3.2611,10.6712,26.37405,16,110,14,50,2,45,256,493,1828,1239,33,316,223,7,1,6,1279,540,6,14,2,2,1,25,38.52478
2010414,2010,"Asian/Pacific Islander",Hispanic,30-34,1381,3.0912,10.9410,26.54283,12,105,18,49,1,31,257,473,1165,827,28,289,229,3,3,2,858,521,5,9,1,1,2,18,38.30638
2010415,2010,"Asian/Pacific Islander",Hispanic,35-39,668,3.0982,11.0477,26.73682,8,71,15,28,2,21,158,303,414,383,18,125,140,2,0,0,403,265,2,6,0,1,3,12,38.12594
2010416,2010,"Asian/Pacific Islander",Hispanic,40-44,160,3.3810,10.5745,25.99864,5,25,7,5,0,3,24,69,129,88,3,46,21,0,0,2,91,67,0,0,0,0,0,0,37.84063
2010417,2010,"Asian/Pacific Islander",Hispanic,45-49,8,4.0000,7.3333,27.06667,0,2,0,0,0,1,0,3,0,4,0,4,0,0,0,0,4,4,0,0,0,0,1,1,36.62500
2010400,2010,"Asian/Pacific Islander",Non-Hispanic,10-14,22,4.3889,8.2222,23.44762,0,0,0,3,0,0,0,3,0,15,0,7,0,0,0,0,15,7,0,0,0,0,0,0,36.97727
2010401,2010,"Asian/Pacific Islander",Non-Hispanic,15-19,3313,3.7854,9.5465,23.17852,10,50,11,67,4,16,55,213,851,2722,8,526,47,4,4,2,2734,577,6,44,0,0,2,52,38.28106
2010402,2010,"Asian/Pacific Islander",Non-Hispanic,20-24,17961,3.4149,10.4966,23.46998,52,676,81,410,21,190,1043,2473,6496,13674,118,3175,925,32,11,26,13824,4111,29,281,3,6,25,344,38.53988
2010403,2010,"Asian/Pacific Islander",Non-Hispanic,25-29,49489,2.9973,11.2432,23.18030,224,3116,214,1141,53,418,4212,9378,17888,34452,496,10652,3712,77,22,78,35025,14386,78,1097,12,15,55,1257,38.65883
2010404,2010,"Asian/Pacific Islander",Non-Hispanic,30-34,64135,2.7986,11.5644,23.14644,435,5253,439,1500,51,739,9144,17561,31522,41091,884,13697,8257,77,63,66,42052,22017,132,1154,12,23,87,1408,38.50815
2010405,2010,"Asian/Pacific Islander",Non-Hispanic,35-39,37096,2.7659,11.7218,23.20053,348,3931,428,1105,46,493,7219,13570,21593,21216,565,8546,6653,53,26,37,21834,15225,99,473,11,32,76,691,38.27749
2010406,2010,"Asian/Pacific Islander",Non-Hispanic,40-44,7976,2.8214,11.7856,23.52601,94,1011,161,354,14,116,1714,3464,4601,3888,121,2351,1591,10,6,9,4019,3948,38,83,0,8,35,164,38.01550
2010407,2010,"Asian/Pacific Islander",Non-Hispanic,45-49,555,2.9771,12.0642,23.39753,9,86,18,53,1,4,92,263,311,196,4,267,88,0,0,0,200,355,4,4,0,0,2,10,37.40399
2010408,2010,"Asian/Pacific Islander",Non-Hispanic,50-54,58,3.1667,11.0962,23.22549,0,6,4,13,0,2,5,30,6,19,0,34,5,0,0,0,19,39,3,1,0,3,1,8,36.23214
2011110,2011,Hispanic,Hispanic,10-14,1306,3.9200,9.1230,22.99263,1,17,2,58,6,1,5,90,104,1079,0,221,5,1,0,0,1080,226,3,18,0,0,1,22,38.00077
2011111,2011,Hispanic,Hispanic,15-19,91251,3.4938,10.1606,24.50676,181,1225,267,3218,173,409,3107,8580,16102,71470,279,16509,2827,98,16,52,71847,19352,223,742,6,5,160,1136,38.48614
2011112,2011,Hispanic,Hispanic,20-24,200470,3.2287,10.6064,26.28675,715,5156,832,6060,289,2425,22568,38045,64876,143268,1998,34253,20568,215,57,111,145481,54878,412,1204,30,29,262,1937,38.59746
2011113,2011,Hispanic,Hispanic,25-29,206927,3.0386,11.0162,27.13553,1339,9618,1201,6121,290,3476,34964,57009,92969,136957,3062,34592,31896,226,70,124,140245,66558,398,1052,39,68,355,1912,38.57529
2011114,2011,Hispanic,Hispanic,30-34,161715,2.9623,11.2251,27.49436,1784,11522,1536,5552,226,2994,33330,56944,89249,98574,2722,29485,30607,170,66,91,101466,60158,370,724,48,91,317,1550,38.42050
2011115,2011,Hispanic,Hispanic,35-39,83393,2.9501,11.3602,27.71346,1383,8423,1379,3425,173,1739,20312,36834,53814,45416,1552,17511,18759,67,37,51,47035,36307,237,306,25,65,255,888,38.19785
2011116,2011,Hispanic,Hispanic,40-44,19189,3.0276,11.4868,27.90119,468,2422,476,1005,61,424,4875,9731,12111,9462,362,4822,4511,11,7,14,9835,9340,68,59,4,28,78,237,37.97415
2011117,2011,Hispanic,Hispanic,45-49,1003,3.1053,11.2669,27.64184,33,136,30,79,4,22,258,562,619,382,13,363,245,0,0,0,395,608,11,1,0,7,7,26,37.43320
2011118,2011,Hispanic,Hispanic,50-54,50,2.3696,12.6444,27.04894,4,13,4,6,2,2,12,43,209,8,0,30,12,0,0,0,8,42,0,0,0,0,0,0,35.97000
2011100,2011,"White, Non-Hispanic",Non-Hispanic,10-14,755,3.9270,9.9307,22.64702,1,13,1,44,3,0,0,62,693,588,0,156,0,5,1,5,593,157,3,11,0,0,1,15,38.16290
2011101,2011,"White, Non-Hispanic",Non-Hispanic,15-19,109990,3.3778,10.9628,24.23358,382,2029,542,5500,278,707,2489,11927,48012,84851,173,22083,2315,306,109,153,85330,24507,324,1238,18,9,116,1705,38.63357
2011102,2011,"White, Non-Hispanic",Non-Hispanic,20-24,386053,3.1777,11.2276,25.91984,1816,11116,3069,18465,782,7575,33631,76454,207370,277258,2675,73208,30940,983,359,630,280916,104507,1099,3634,82,71,377,5263,38.70023
2011103,2011,"White, Non-Hispanic",Non-Hispanic,25-29,557102,2.8825,11.7000,26.18591,3280,23297,6624,27091,1001,13144,67462,141899,357236,379024,6993,107677,60432,1438,611,927,387455,168720,1462,6747,138,148,518,9013,38.68551
2011104,2011,"White, Non-Hispanic",Non-Hispanic,30-34,506879,2.7623,11.9073,25.97162,3502,26804,7796,23154,906,13523,81450,157135,377793,321159,8736,101592,72691,1314,624,763,331209,174907,1254,5287,148,196,553,7438,38.60368
2011105,2011,"White, Non-Hispanic",Non-Hispanic,35-39,222387,2.7636,12.0022,26.21075,2100,15767,4904,10839,421,6768,45417,86216,203018,126414,4639,49260,40764,580,350,380,131633,90374,678,1650,101,145,392,2966,38.39804
2011106,2011,"White, Non-Hispanic",Non-Hispanic,40-44,52082,2.8377,12.1307,26.26171,629,4495,1629,3117,145,1536,11326,22877,51499,26198,1183,14241,10140,125,101,94,27506,24482,220,306,21,68,135,750,38.18831
2011107,2011,"White, Non-Hispanic",Non-Hispanic,45-49,3541,2.8769,12.5160,25.54392,36,326,155,326,28,104,706,1681,3734,1349,63,1467,643,8,7,4,1420,2117,32,15,1,10,13,71,37.53056
2011108,2011,"White, Non-Hispanic",Non-Hispanic,50-54,302,2.8920,12.9611,25.21679,1,27,9,37,0,13,69,156,696,91,6,138,63,3,0,1,100,201,6,0,0,1,1,8,36.75748
2011210,2011,Black,Hispanic,10-14,81,4.6410,8.1299,24.12237,0,0,0,6,0,0,0,6,0,65,0,16,0,0,0,0,65,16,0,2,0,0,0,2,37.98765
2011211,2011,Black,Hispanic,15-19,5155,3.6454,10.0057,24.77233,7,65,24,200,8,36,167,507,1270,3971,22,999,145,8,2,8,4001,1146,15,37,3,2,5,62,38.43496
2011212,2011,Black,Hispanic,20-24,11865,3.4318,10.2724,26.31335,53,334,84,424,24,244,1277,2440,4944,8419,155,2118,1122,21,7,23,8595,3247,26,71,2,2,9,110,38.51480
2011213,2011,Black,Hispanic,25-29,10433,3.2820,10.6902,27.31656,65,456,100,338,20,305,1707,2991,5693,6877,203,1797,1504,19,7,26,7099,3308,21,40,0,1,18,80,38.50096
2011214,2011,Black,Hispanic,30-34,7397,3.1371,10.9781,27.74421,108,534,131,291,13,243,1424,2744,4459,4417,166,1526,1258,10,6,14,4593,2790,13,35,2,5,17,72,38.35018
2011215,2011,Black,Hispanic,35-39,3383,3.1764,11.0589,28.11539,73,342,93,160,8,112,762,1550,3128,1842,70,761,691,9,3,7,1921,1455,7,13,1,5,4,30,38.08338
2011216,2011,Black,Hispanic,40-44,798,3.1219,11.2102,28.00119,22,99,36,39,2,33,187,418,477,400,18,207,169,1,0,3,419,376,5,3,0,1,4,13,38.02450
2011217,2011,Black,Hispanic,45-49,35,3.9375,10.4545,26.50645,5,6,4,2,0,3,8,28,13,16,0,11,8,0,0,0,16,19,0,0,0,0,0,0,37.97143
2011200,2011,Black,Non-Hispanic,10-14,1136,4.4873,7.9460,23.75106,2,8,6,69,8,4,5,102,1688,892,1,220,4,13,4,2,906,228,7,12,0,0,3,22,37.54787
2011201,2011,Black,Non-Hispanic,15-19,66212,3.6034,9.6379,25.12835,185,913,522,3766,217,563,2261,8427,78758,49135,287,14007,1973,559,165,86,49981,16145,193,531,17,10,118,869,38.04796
2011202,2011,Black,Non-Hispanic,20-24,156027,3.3644,10.1400,27.18625,862,3555,2160,7778,401,4019,17959,36734,198530,103947,1938,32341,16013,1121,458,209,107006,48812,438,786,53,23,230,1530,38.10605
2011203,2011,Black,Non-Hispanic,25-29,124117,3.1643,10.6226,28.71495,1136,5323,3420,6691,367,4836,21022,42795,156293,76193,2298,25708,18713,715,328,162,79206,44749,386,534,64,50,241,1275,38.04454
2011204,2011,Black,Non-Hispanic,30-34,88391,3.0884,10.8858,29.31595,1301,5275,3854,5224,314,3758,17460,37186,118837,49801,1881,20257,15569,496,247,140,52178,36073,271,392,48,51,249,1011,37.92331
2011205,2011,Black,Non-Hispanic,35-39,43132,3.0755,11.0360,29.51460,952,3503,2763,2773,164,1881,9617,21653,63930,21609,994,11455,8621,238,162,53,22841,20238,172,165,26,43,160,566,37.71485
2011206,2011,Black,Non-Hispanic,40-44,11202,3.0928,10.9889,29.57741,329,1045,1085,804,64,535,2653,6515,15907,4950,279,3488,2373,46,44,22,5275,5905,48,28,5,27,57,165,37.53433
2011207,2011,Black,Non-Hispanic,45-49,781,3.2849,10.8025,28.94373,27,83,85,70,4,30,157,456,1523,285,15,329,142,4,6,0,304,477,8,4,0,0,10,22,36.98077
2011208,2011,Black,Non-Hispanic,50-54,83,3.0400,10.4177,27.87013,2,8,8,6,2,1,12,39,15,29,0,42,12,0,0,0,29,54,0,1,0,0,1,2,36.74096
2011310,2011,"American Indian/Alaskan Native",Hispanic,10-14,13,4.6923,9.0000,22.43636,0,0,0,1,0,0,0,1,0,10,0,3,0,0,0,0,10,3,0,0,0,0,0,0,38.00000
2011311,2011,"American Indian/Alaskan Native",Hispanic,15-19,935,3.7077,9.7315,24.86085,2,18,5,50,2,6,31,114,133,741,3,162,28,1,0,0,745,190,6,15,0,0,0,21,38.49197
2011312,2011,"American Indian/Alaskan Native",Hispanic,20-24,1858,3.5205,10.2023,26.64709,12,64,13,69,4,52,196,410,575,1356,24,303,172,2,1,0,1382,476,3,14,0,0,3,20,38.63661
2011313,2011,"American Indian/Alaskan Native",Hispanic,25-29,1636,3.4016,10.5671,27.96832,16,94,22,62,1,48,274,517,705,1108,26,250,248,2,0,2,1136,498,6,13,2,1,4,26,38.57020
2011314,2011,"American Indian/Alaskan Native",Hispanic,30-34,1082,3.2570,10.7361,28.23689,18,88,16,41,3,41,219,426,958,679,27,178,192,2,4,0,708,374,6,7,1,2,5,21,38.34043
2011315,2011,"American Indian/Alaskan Native",Hispanic,35-39,485,3.4280,10.8614,28.15957,14,67,12,19,0,25,127,264,383,267,17,90,110,0,1,0,284,201,4,1,0,0,2,7,37.96186
2011316,2011,"American Indian/Alaskan Native",Hispanic,40-44,145,3.1560,11.2571,27.69412,5,16,4,5,0,2,40,72,65,76,5,29,35,0,0,0,81,64,1,0,0,0,0,1,38.02759
2011317,2011,"American Indian/Alaskan Native",Hispanic,45-49,6,2.6667,12.3333,26.54000,0,1,0,0,0,0,3,4,4,2,0,1,3,0,0,0,2,4,0,0,0,0,0,0,38.25000
2011300,2011,"American Indian/Alaskan Native",Non-Hispanic,10-14,58,4.7895,7.9298,23.45455,0,1,0,2,0,0,0,3,0,48,0,10,0,0,0,0,48,10,0,1,0,0,1,2,37.73276
2011301,2011,"American Indian/Alaskan Native",Non-Hispanic,15-19,4170,3.8088,9.3557,25.11574,16,81,15,205,16,23,111,467,1213,3323,14,723,97,10,1,2,3347,821,26,59,0,0,10,95,38.52665
2011302,2011,"American Indian/Alaskan Native",Non-Hispanic,20-24,10040,3.6284,9.6063,27.32723,72,329,94,448,25,244,1219,2431,3202,7161,87,1646,1132,6,3,5,7254,2781,54,73,1,3,14,145,38.53400
2011303,2011,"American Indian/Alaskan Native",Non-Hispanic,25-29,7936,3.4623,9.9971,28.70817,134,456,132,358,27,319,1382,2808,4663,5201,135,1333,1247,14,3,3,5350,2583,29,54,1,7,6,97,38.45712
2011304,2011,"American Indian/Alaskan Native",Non-Hispanic,30-34,4563,3.2999,10.2847,29.41559,140,389,147,253,20,189,899,2037,2764,2792,96,859,803,4,3,6,2892,1665,15,26,0,2,4,47,38.34911
2011305,2011,"American Indian/Alaskan Native",Non-Hispanic,35-39,1992,3.3166,10.4219,30.19566,103,228,100,133,11,85,443,1103,1444,1115,52,427,391,2,3,2,1169,821,18,11,1,1,8,39,38.02340
2011306,2011,"American Indian/Alaskan Native",Non-Hispanic,40-44,447,3.4882,10.5360,29.35976,29,46,27,27,4,29,96,258,156,250,13,101,83,0,0,0,263,184,4,1,0,1,4,10,37.85281
2011307,2011,"American Indian/Alaskan Native",Non-Hispanic,45-49,16,3.4615,10.6154,28.21538,2,1,3,2,0,0,0,8,0,8,0,7,0,0,0,1,8,7,0,0,0,0,1,1,35.16667
2011308,2011,"American Indian/Alaskan Native",Non-Hispanic,50-54,1,4.0000,4.0000,19.60000,0,0,0,1,0,0,0,1,0,0,0,1,0,0,0,0,0,1,0,0,0,0,0,0,42.00000
2011410,2011,"Asian/Pacific Islander",Hispanic,10-14,13,3.5833,10.5385,21.92727,0,0,0,1,0,0,1,2,1,10,1,2,0,0,0,0,11,2,0,0,0,0,0,0,38.46154
2011411,2011,"Asian/Pacific Islander",Hispanic,15-19,779,3.6278,9.9555,23.98859,1,10,8,26,0,5,14,64,113,633,3,131,11,1,0,0,637,142,2,9,0,0,0,11,38.35302
2011412,2011,"Asian/Pacific Islander",Hispanic,20-24,1992,3.4512,10.4014,25.91168,8,61,12,73,5,33,180,372,1217,1481,25,322,155,7,2,0,1513,479,3,20,1,0,2,26,38.75427
2011413,2011,"Asian/Pacific Islander",Hispanic,25-29,2180,3.2729,10.5655,26.60161,11,108,12,75,7,47,326,586,2238,1507,46,331,280,10,5,1,1563,616,3,5,0,1,2,11,38.64692
2011414,2011,"Asian/Pacific Islander",Hispanic,30-34,1721,3.1839,11.0647,26.75384,20,137,15,51,3,36,300,562,844,1107,32,311,267,2,1,1,1141,579,5,7,0,0,5,17,38.50640
2011415,2011,"Asian/Pacific Islander",Hispanic,35-39,894,3.1079,11.1390,26.74892,15,95,21,39,1,24,179,374,365,526,22,188,157,1,0,0,549,345,5,1,0,1,1,8,38.32587
2011416,2011,"Asian/Pacific Islander",Hispanic,40-44,216,3.2559,11.3460,26.88713,5,27,9,13,0,3,47,104,365,107,2,60,45,2,0,0,111,105,0,3,0,0,0,3,38.09722
2011417,2011,"Asian/Pacific Islander",Hispanic,45-49,10,3.0000,8.0000,24.90000,0,0,0,1,0,0,2,3,4,4,0,4,2,0,0,0,4,6,0,0,0,0,0,0,38.30000
2011400,2011,"Asian/Pacific Islander",Non-Hispanic,10-14,37,4.1111,7.3333,20.80000,0,1,0,0,0,0,0,1,0,32,0,5,0,0,0,0,32,5,0,1,0,0,0,1,36.94595
2011401,2011,"Asian/Pacific Islander",Non-Hispanic,15-19,3516,3.8702,9.5424,23.17991,4,77,8,86,3,30,59,267,1350,2958,11,482,47,11,1,6,2980,530,13,51,1,0,5,70,38.37236
2011402,2011,"Asian/Pacific Islander",Non-Hispanic,20-24,20143,3.4238,10.5186,23.52309,58,809,49,448,21,218,1125,2728,7854,15467,184,3478,940,33,20,21,15684,4438,49,289,2,3,21,364,38.60217
2011403,2011,"Asian/Pacific Islander",Non-Hispanic,25-29,56024,3.0240,11.2595,23.23399,276,3863,246,1243,45,627,4941,11241,25127,39278,631,11579,4308,104,50,74,40013,15937,100,1132,16,12,68,1328,38.67400
2011404,2011,"Asian/Pacific Islander",Non-Hispanic,30-34,72159,2.8265,11.5849,23.26132,470,6373,559,1764,83,935,10551,20735,36958,46170,1149,15160,9401,142,55,82,47461,24616,174,1174,19,35,95,1497,38.56058
2011405,2011,"Asian/Pacific Islander",Non-Hispanic,35-39,40737,2.8119,11.6987,23.26306,407,4617,555,1210,51,686,8102,15628,24803,23149,699,9351,7403,70,39,26,23918,16793,109,447,8,29,70,663,38.31614
2011406,2011,"Asian/Pacific Islander",Non-Hispanic,40-44,9010,2.8503,11.8135,23.50782,137,1233,212,369,15,177,1946,4089,5167,4532,151,2500,1794,11,7,15,4694,4301,40,79,3,13,33,168,38.06127
2011407,2011,"Asian/Pacific Islander",Non-Hispanic,45-49,593,2.8587,12.3965,23.51953,8,80,18,37,4,10,100,257,217,214,6,278,94,0,1,0,220,373,7,3,1,5,6,22,37.01943
2011408,2011,"Asian/Pacific Islander",Non-Hispanic,50-54,77,2.8378,11.8571,24.48986,1,12,3,11,0,1,15,43,24,15,2,47,13,0,0,0,17,60,3,0,1,2,1,7,36.74675
2012110,2012,Hispanic,Hispanic,10-14,1172,3.9295,9.0000,23.16708,0,16,1,47,3,0,3,70,104,976,0,192,3,1,0,0,977,195,3,17,0,0,2,22,38.08305
2012111,2012,Hispanic,Hispanic,15-19,85928,3.4962,10.1398,24.55246,178,1330,246,3274,175,463,2846,8512,12153,67241,280,15745,2566,55,21,20,67576,18332,228,730,4,15,145,1122,38.53747
2012112,2012,Hispanic,Hispanic,20-24,201015,3.2260,10.6106,26.38079,737,5647,821,6532,324,2763,22760,39584,56398,143857,2084,34173,20674,151,32,44,146092,54879,447,1228,33,38,268,2014,38.63164
2012113,2012,Hispanic,Hispanic,25-29,206466,3.0427,11.0154,27.21950,1429,10273,1262,6740,272,3925,35929,59830,88926,136203,3328,34087,32596,158,34,60,139689,66717,447,1090,41,72,339,1989,38.58250
2012114,2012,Hispanic,Hispanic,30-34,164229,2.9573,11.2327,27.57425,1814,12459,1709,5799,275,3524,34558,60138,85953,100252,3103,29242,31453,97,34,48,103452,60729,370,766,46,97,337,1616,38.44389
2012115,2012,Hispanic,Hispanic,35-39,85702,2.9499,11.3958,27.83303,1505,9271,1417,3855,161,2007,21245,39461,55131,46671,1728,17682,19514,57,26,24,48456,37222,252,332,30,63,220,897,38.22131
2012116,2012,Hispanic,Hispanic,40-44,20226,3.0072,11.5038,27.97351,488,2717,541,1139,48,497,5231,10661,13467,9963,369,5004,4861,15,8,6,10347,9873,68,67,6,24,79,244,37.96729
2012117,2012,Hispanic,Hispanic,45-49,1035,3.1341,11.7855,27.50329,22,149,38,84,2,32,238,565,374,412,21,385,217,0,0,0,433,602,3,4,1,2,6,16,37.50339
2012118,2012,Hispanic,Hispanic,50-54,58,2.8364,13.1207,25.90536,0,8,3,4,0,1,17,33,24,11,0,30,17,0,0,0,11,47,0,0,0,0,0,0,36.84483
2012100,2012,"White, Non-Hispanic",Non-Hispanic,10-14,746,4.0281,9.8308,22.80660,0,10,1,51,3,5,0,70,198,589,0,155,0,1,0,1,590,155,3,6,0,0,1,10,38.06460
2012101,2012,"White, Non-Hispanic",Non-Hispanic,15-19,104325,3.3774,11.0184,24.34248,367,2151,546,5666,270,647,2203,11850,35438,80638,167,21064,2036,248,69,103,81053,23169,347,1047,14,9,121,1538,38.66229
2012102,2012,"White, Non-Hispanic",Non-Hispanic,20-24,390769,3.1729,11.2482,25.94914,1874,11752,3145,19463,872,8160,34479,79745,177784,281068,2967,73675,31498,824,255,482,284859,105428,1009,3431,72,47,333,4892,38.73680
2012103,2012,"White, Non-Hispanic",Non-Hispanic,25-29,569540,2.9004,11.6964,26.21454,3247,24771,6684,28807,1099,14377,70122,149107,286587,388486,7394,109024,62709,990,355,582,396870,172088,1399,6338,135,157,551,8580,38.72576
2012104,2012,"White, Non-Hispanic",Non-Hispanic,30-34,535967,2.7829,11.9105,25.99368,3821,29093,8307,25475,1050,14888,87279,169913,317672,340929,9675,106001,77576,910,362,514,351514,183939,1385,5203,161,232,608,7589,38.64281
2012105,2012,"White, Non-Hispanic",Non-Hispanic,35-39,232213,2.7839,11.9993,26.26802,2245,17109,5219,11792,521,7606,47628,92120,165906,132506,5058,51297,42565,353,191,243,137917,94053,701,1663,99,174,371,3008,38.45516
2012106,2012,"White, Non-Hispanic",Non-Hispanic,40-44,52348,2.8511,12.1484,26.40614,682,4908,1602,3215,170,1753,11534,23864,43653,26075,1157,14543,10372,78,57,66,27310,24972,215,282,26,72,128,723,38.17172
2012107,2012,"White, Non-Hispanic",Non-Hispanic,45-49,3624,2.9275,12.5876,25.62910,40,388,132,351,20,111,795,1837,2802,1358,78,1457,717,7,2,5,1443,2176,19,15,4,7,18,63,37.53602
2012108,2012,"White, Non-Hispanic",Non-Hispanic,50-54,344,2.6688,13.2555,25.71129,0,29,17,44,1,15,86,192,514,96,5,161,81,0,0,1,101,242,5,3,2,1,3,14,36.99563
2012210,2012,Black,Hispanic,10-14,61,3.6441,8.3621,22.80000,0,0,0,3,1,0,1,5,1,49,0,11,1,0,0,0,49,12,0,2,0,0,0,2,37.64754
2012211,2012,Black,Hispanic,15-19,5091,3.6337,10.1483,24.64655,14,93,25,212,10,22,144,520,1440,3975,24,957,120,10,3,2,4009,1080,11,34,1,0,3,49,38.52537
2012212,2012,Black,Hispanic,20-24,12167,3.4394,10.3466,26.54386,56,354,94,434,28,227,1273,2466,4724,8640,167,2222,1106,23,4,5,8830,3332,29,62,1,1,14,107,38.50991
2012213,2012,Black,Hispanic,25-29,10755,3.2576,10.7795,27.48534,76,595,114,380,23,313,1870,3371,5335,7017,221,1840,1649,20,4,4,7258,3493,31,42,1,5,11,90,38.55225
2012214,2012,Black,Hispanic,30-34,7673,3.1304,10.9978,27.84602,90,638,151,285,13,260,1609,3046,4428,4539,184,1508,1425,12,1,4,4735,2934,30,32,1,7,13,83,38.32666
2012215,2012,Black,Hispanic,35-39,3828,3.1190,11.2608,28.18131,62,433,114,181,10,129,901,1830,3427,2069,92,846,809,3,7,2,2164,1662,12,9,2,4,10,37,38.12876
2012216,2012,Black,Hispanic,40-44,865,3.3237,11.1128,28.30748,31,105,52,59,5,34,210,496,1117,419,23,232,187,2,2,0,444,421,4,4,0,1,6,15,37.92370
2012217,2012,Black,Hispanic,45-49,42,3.3421,10.7568,28.72250,2,7,2,6,0,2,9,28,14,17,1,16,8,0,0,0,18,24,0,0,0,0,0,0,36.86905
2012218,2012,Black,Hispanic,50-54,2,4.0000,12.0000,20.25000,0,0,0,0,0,0,0,0,0,1,0,1,0,0,0,0,1,1,0,0,0,0,0,0,37.00000
2012200,2012,Black,Non-Hispanic,10-14,1084,4.5297,8.2313,24.37252,3,8,6,72,3,1,5,98,1096,842,0,225,5,9,2,1,851,232,0,20,0,0,2,22,37.50694
2012201,2012,Black,Non-Hispanic,15-19,61571,3.6185,9.6721,25.21003,234,838,508,3584,239,524,2024,7951,58991,45813,242,13141,1781,435,115,44,46490,15037,194,473,10,3,106,786,38.10415
2012202,2012,Black,Non-Hispanic,20-24,162476,3.3622,10.1124,27.20673,894,3866,2363,8551,515,4344,18817,39350,155876,108901,2073,33454,16735,865,316,132,111839,50505,516,694,47,31,280,1568,38.13543
2012203,2012,Black,Non-Hispanic,25-29,130427,3.1810,10.6004,28.76870,1250,5637,3644,7186,426,5261,23129,46533,129099,79798,2639,26637,20480,487,261,125,82924,47378,464,521,62,46,294,1387,38.09593
2012204,2012,Black,Non-Hispanic,30-34,94834,3.1138,10.8663,29.36738,1440,6152,4102,5797,347,4275,19511,41624,98028,53064,2110,21670,17394,316,195,85,55490,39259,347,345,43,58,258,1051,37.98001
2012205,2012,Black,Non-Hispanic,35-39,45663,3.0986,11.0457,29.67571,1077,3884,3227,3072,196,2191,10845,24492,50820,22690,1121,11862,9723,141,90,36,23952,21675,184,149,24,58,169,584,37.77791
2012206,2012,Black,Non-Hispanic,40-44,11956,3.1651,11.0444,29.67863,396,1166,1092,900,65,551,2994,7164,12886,5163,302,3735,2690,29,26,11,5494,6451,69,25,11,24,54,183,37.51613
2012207,2012,Black,Non-Hispanic,45-49,896,3.2675,11.1820,29.21712,23,97,83,93,3,34,197,530,1754,307,14,382,182,6,4,1,327,568,12,4,1,7,10,34,36.99720
2012208,2012,Black,Non-Hispanic,50-54,71,3.4769,10.7941,29.15397,2,10,2,8,0,2,18,42,21,24,3,28,15,0,0,1,27,43,1,0,1,2,0,4,37.19014
2012310,2012,"American Indian/Alaskan Native",Hispanic,10-14,15,4.7333,6.4000,22.76667,0,0,0,3,0,0,1,4,1,12,1,2,0,0,0,0,13,2,1,0,0,0,0,1,35.40000
2012311,2012,"American Indian/Alaskan Native",Hispanic,15-19,902,3.6525,9.9862,25.24913,3,10,3,42,5,8,32,103,233,715,4,153,28,2,0,0,721,181,3,5,0,0,0,8,38.43111
2012312,2012,"American Indian/Alaskan Native",Hispanic,20-24,1864,3.4200,10.1905,27.02131,16,64,13,52,3,48,207,403,979,1364,16,287,191,5,1,0,1385,479,7,11,0,2,1,21,38.60225
2012313,2012,"American Indian/Alaskan Native",Hispanic,25-29,1631,3.3325,10.5466,28.06510,17,97,16,71,8,49,273,531,918,1095,35,259,238,2,2,0,1132,499,5,7,1,0,1,14,38.57709
2012314,2012,"American Indian/Alaskan Native",Hispanic,30-34,1106,3.1660,11.0407,28.16418,15,109,13,37,1,39,238,452,585,679,25,187,213,0,2,0,704,402,3,7,1,0,1,12,38.53707
2012315,2012,"American Indian/Alaskan Native",Hispanic,35-39,468,3.1466,11.4890,28.52795,15,58,13,20,3,20,106,235,262,274,12,88,94,0,0,0,286,182,2,3,0,0,3,8,38.40491
2012316,2012,"American Indian/Alaskan Native",Hispanic,40-44,125,3.4711,11.0410,29.55333,6,23,3,9,0,6,37,84,59,56,6,32,31,0,0,0,62,63,1,0,0,1,1,3,37.90400
2012317,2012,"American Indian/Alaskan Native",Hispanic,45-49,6,2.5000,14.6667,29.46667,0,0,0,0,0,0,2,2,7,2,0,2,2,0,0,0,2,4,0,0,0,0,0,0,38.83333
2012300,2012,"American Indian/Alaskan Native",Non-Hispanic,10-14,57,4.5714,8.0545,23.53571,0,3,0,5,3,0,0,11,0,43,0,14,0,0,0,0,43,14,2,4,0,0,0,6,37.54386
2012301,2012,"American Indian/Alaskan Native",Non-Hispanic,15-19,4063,3.7634,9.4277,25.34000,11,88,16,169,14,20,116,434,233,3211,8,734,108,1,0,1,3220,842,27,55,1,3,8,94,38.56723
2012302,2012,"American Indian/Alaskan Native",Non-Hispanic,20-24,9876,3.6418,9.5828,27.37943,70,328,96,396,42,228,1093,2253,3028,7077,90,1693,1003,11,1,1,7178,2697,50,62,3,5,10,130,38.54726
2012303,2012,"American Indian/Alaskan Native",Non-Hispanic,25-29,7850,3.4397,9.8844,28.87689,98,496,164,385,33,305,1414,2895,3087,5205,133,1224,1281,3,0,4,5341,2505,36,32,2,5,7,82,38.45376
2012304,2012,"American Indian/Alaskan Native",Non-Hispanic,30-34,5034,3.3522,10.3016,29.54224,151,505,149,283,23,242,1066,2419,3370,3047,128,912,938,7,2,0,3182,1852,29,23,3,7,10,72,38.33456
2012305,2012,"American Indian/Alaskan Native",Non-Hispanic,35-39,2106,3.2293,10.5442,30.18675,102,273,95,158,10,107,489,1234,1230,1167,62,448,427,1,1,0,1230,876,14,5,1,4,9,33,37.95839
2012306,2012,"American Indian/Alaskan Native",Non-Hispanic,40-44,474,3.4088,10.8665,29.81438,26,76,39,36,3,28,102,310,366,251,13,119,89,2,0,0,266,208,1,0,0,1,0,2,37.70825
2012307,2012,"American Indian/Alaskan Native",Non-Hispanic,45-49,39,3.2778,11.2571,28.95667,2,5,1,3,0,3,11,25,14,17,1,11,10,0,0,0,18,21,1,0,0,0,0,1,37.73077
2012410,2012,"Asian/Pacific Islander",Hispanic,10-14,9,3.7143,9.3750,23.32857,0,0,0,0,0,0,0,0,0,9,0,0,0,0,0,0,9,0,0,0,0,0,0,0,38.88889
2012411,2012,"Asian/Pacific Islander",Hispanic,15-19,741,3.5745,9.9631,24.03870,2,24,4,31,2,2,18,83,19,586,4,137,14,0,0,0,590,151,2,13,0,1,2,18,38.66059
2012412,2012,"Asian/Pacific Islander",Hispanic,20-24,2009,3.4236,10.3130,25.78267,8,68,10,51,1,35,179,352,1118,1513,21,308,158,7,1,1,1541,467,4,16,0,0,2,22,38.61796
2012413,2012,"Asian/Pacific Islander",Hispanic,25-29,2159,3.1821,10.6837,26.69530,17,102,10,87,3,45,278,542,1096,1495,36,379,242,5,2,0,1536,623,3,19,1,0,4,27,38.61196
2012414,2012,"Asian/Pacific Islander",Hispanic,30-34,1881,3.1611,10.8528,27.01807,20,162,21,56,3,55,318,635,850,1221,43,338,275,2,1,1,1266,614,5,16,0,0,1,22,38.53619
2012415,2012,"Asian/Pacific Islander",Hispanic,35-39,989,3.1316,11.0420,26.95888,20,117,23,52,1,27,222,462,817,559,26,205,196,3,0,0,588,401,0,2,1,0,3,6,38.19565
2012416,2012,"Asian/Pacific Islander",Hispanic,40-44,213,3.3107,11.1019,26.98643,6,30,12,26,1,10,47,132,171,105,3,60,44,1,0,0,109,104,1,2,0,0,0,3,37.86385
2012417,2012,"Asian/Pacific Islander",Hispanic,45-49,18,3.6667,12.8889,23.87647,0,3,0,0,0,1,3,7,5,10,0,5,3,0,0,0,10,8,0,0,0,0,0,0,38.41667
2012400,2012,"Asian/Pacific Islander",Non-Hispanic,10-14,42,4.3421,7.4474,22.39444,0,0,0,1,0,0,0,1,0,39,0,3,0,0,0,0,39,3,1,0,0,0,0,1,38.32143
2012401,2012,"Asian/Pacific Islander",Non-Hispanic,15-19,3566,3.9157,9.4978,23.37026,7,81,10,108,8,26,72,312,1068,2973,19,511,53,7,1,2,2999,565,12,39,1,1,7,60,38.34364
2012402,2012,"Asian/Pacific Islander",Non-Hispanic,20-24,21596,3.4010,10.5808,23.54186,60,954,63,491,26,283,1172,3049,5722,16731,192,3639,980,31,6,17,16954,4625,52,297,4,6,24,383,38.65333
2012403,2012,"Asian/Pacific Islander",Non-Hispanic,25-29,61414,3.0215,11.2293,23.24078,329,4516,263,1323,66,654,5543,12694,20189,43038,758,12692,4784,73,26,43,43869,17502,126,1240,10,16,65,1457,38.71282
2012404,2012,"Asian/Pacific Islander",Non-Hispanic,30-34,82963,2.8488,11.5699,23.26595,542,7997,619,2018,83,1071,12215,24545,29241,53199,1323,17421,10889,66,35,30,54588,28345,197,1326,39,35,96,1693,38.58249
2012405,2012,"Asian/Pacific Islander",Non-Hispanic,35-39,45662,2.8257,11.7317,23.35916,470,5513,635,1386,60,818,9578,18460,22199,25867,805,10133,8773,35,25,24,26707,18931,109,462,21,50,83,725,38.33903
2012406,2012,"Asian/Pacific Islander",Non-Hispanic,40-44,10419,2.8826,11.8122,23.62001,151,1485,239,444,11,186,2353,4869,6072,5142,169,2906,2183,11,3,5,5322,5092,50,76,3,20,41,190,38.05930
2012407,2012,"Asian/Pacific Islander",Non-Hispanic,45-49,729,2.9197,12.1567,24.18944,16,120,36,56,0,21,138,387,276,265,9,326,129,0,0,0,274,455,9,6,0,4,8,27,37.29904
2012408,2012,"Asian/Pacific Islander",Non-Hispanic,50-54,70,2.5574,13.2131,25.21791,0,8,1,3,3,3,14,32,113,16,0,40,14,0,0,0,16,54,2,0,1,0,0,3,36.20000
2013110,2013,Hispanic,Hispanic,10-14,1034,4.0321,8.6653,23.17219,2,12,3,46,5,0,2,70,200,819,0,209,2,2,0,2,821,211,4,11,0,0,3,18,38.00630
2013111,2013,Hispanic,Hispanic,15-19,78371,3.4895,10.1041,24.61464,174,1245,267,3052,167,440,2496,7841,11935,61790,263,13981,2233,64,18,22,62117,16232,237,703,9,7,144,1100,38.54262
2013112,2013,Hispanic,Hispanic,20-24,198923,3.2213,10.5890,26.47363,700,5643,985,6709,268,3058,22095,39458,59510,142616,2194,33944,19900,159,45,65,144969,53889,452,1258,27,36,298,2071,38.62189
2013113,2013,Hispanic,Hispanic,25-29,207303,3.0332,10.9758,27.33696,1377,10395,1486,7021,316,4471,36308,61374,100024,136935,3528,33749,32778,167,75,71,140630,66602,428,1143,44,63,293,1971,38.58762
2013114,2013,Hispanic,Hispanic,30-34,168243,2.9608,11.2120,27.63794,1846,12988,1872,6379,246,4036,35320,62687,102449,102811,3303,29870,32015,131,53,60,106245,61938,391,779,36,77,306,1589,38.44962
2013115,2013,Hispanic,Hispanic,35-39,88336,2.9483,11.3477,27.90715,1516,9638,1616,4050,163,2418,22133,41534,68155,48340,1867,17716,20265,68,39,41,50275,38020,246,358,24,78,255,961,38.20903
2013116,2013,Hispanic,Hispanic,40-44,21149,3.0273,11.3792,28.08900,510,2909,573,1248,58,604,5593,11495,17886,10368,400,5165,5192,9,8,7,10777,10365,92,66,9,41,85,293,37.95087
2013117,2013,Hispanic,Hispanic,45-49,1090,3.0763,11.6351,27.40532,36,165,39,96,3,32,277,648,1418,442,16,367,261,0,3,1,458,631,4,5,0,0,11,20,37.57477
2013118,2013,Hispanic,Hispanic,50-54,53,2.6875,12.0417,26.72955,0,8,2,9,1,1,10,31,110,11,1,32,9,0,0,0,12,41,0,0,0,0,0,0,36.53774
2013100,2013,"White, Non-Hispanic",Non-Hispanic,10-14,650,4.1212,9.6613,22.77736,0,9,6,31,1,2,4,53,400,520,0,121,4,4,0,1,524,125,3,8,0,0,1,12,37.93566
2013101,2013,"White, Non-Hispanic",Non-Hispanic,15-19,96860,3.3717,11.0139,24.45932,365,1954,528,5452,259,674,2155,11387,25972,75293,160,19135,1995,176,44,57,75629,21174,316,969,10,16,113,1424,38.64547
2013102,2013,"White, Non-Hispanic",Non-Hispanic,20-24,390067,3.1747,11.2524,26.04148,1899,12001,3308,19964,891,8158,34714,80935,152222,282035,3054,72069,31652,692,180,385,285781,103901,1059,3291,67,66,384,4867,38.74187
2013103,2013,"White, Non-Hispanic",Non-Hispanic,25-29,580763,2.9103,11.7049,26.27519,3328,25253,7165,30293,1289,15163,73312,155803,257479,397796,8057,108109,65245,835,223,498,406688,173577,1468,6256,127,140,601,8592,38.73920
2013104,2013,"White, Non-Hispanic",Non-Hispanic,30-34,564631,2.7898,11.9217,26.03715,3760,30848,9119,28205,1101,16316,93229,182578,297119,360816,10678,109230,82532,688,258,429,372182,192020,1453,5393,152,251,676,7925,38.66673
2013105,2013,"White, Non-Hispanic",Non-Hispanic,35-39,244203,2.7825,12.0116,26.32431,2327,18183,5468,13021,563,8458,50815,98835,164345,140459,5691,52263,45115,314,120,241,146464,97498,793,1699,84,201,407,3184,38.47375
2013106,2013,"White, Non-Hispanic",Non-Hispanic,40-44,52104,2.8631,12.1205,26.58879,691,4929,1732,3518,178,1890,11663,24601,41070,26136,1245,14134,10417,66,41,65,27447,24592,224,275,27,72,142,740,38.15922
2013107,2013,"White, Non-Hispanic",Non-Hispanic,45-49,3807,2.9414,12.5094,25.98931,48,399,142,379,13,139,818,1938,3143,1432,95,1537,723,3,7,10,1530,2267,34,19,1,7,15,76,37.69916
2013108,2013,"White, Non-Hispanic",Non-Hispanic,50-54,386,2.9164,12.1359,25.62432,1,38,11,54,5,10,89,208,344,102,7,193,82,0,1,1,109,276,3,2,0,0,3,8,37.05959
2013210,2013,Black,Hispanic,10-14,54,3.9038,8.7000,23.90400,0,0,0,5,0,0,1,6,199,41,0,10,1,1,1,0,42,12,0,0,0,0,0,0,37.98148
2013211,2013,Black,Hispanic,15-19,4531,3.6798,9.8128,24.81201,7,77,22,215,9,42,129,501,1327,3580,19,808,110,6,6,2,3605,924,8,50,0,0,6,64,38.47946
2013212,2013,Black,Hispanic,20-24,12237,3.3973,10.3638,26.56305,61,332,86,445,22,299,1324,2569,6396,8633,198,2233,1125,31,7,10,8862,3365,20,52,1,1,14,88,38.52525
2013213,2013,Black,Hispanic,25-29,10920,3.2764,10.7420,27.54862,69,569,135,375,21,375,1887,3431,6366,7128,241,1870,1646,16,9,10,7385,3525,29,46,4,6,12,97,38.47717
2013214,2013,Black,Hispanic,30-34,8259,3.1867,10.9200,28.01243,97,686,156,365,28,321,1782,3435,7257,4864,218,1578,1564,26,6,3,5108,3148,32,32,3,5,15,87,38.34819
2013215,2013,Black,Hispanic,35-39,3956,3.1647,11.2255,28.24655,69,472,123,186,14,167,989,2020,3581,2098,126,848,863,14,4,3,2238,1715,10,10,2,5,12,39,38.16646
2013216,2013,Black,Hispanic,40-44,873,3.2675,11.0083,28.58515,18,122,44,72,6,38,240,540,1047,415,16,214,223,1,3,1,432,440,6,2,1,2,4,15,37.96785
2013217,2013,Black,Hispanic,45-49,47,3.8667,10.5532,27.64565,2,5,5,2,1,4,13,32,120,12,2,21,11,0,0,1,14,32,0,0,0,0,0,0,38.03191
2013218,2013,Black,Hispanic,50-54,4,3.0000,14.5000,29.32500,0,2,2,2,0,0,1,7,1,0,0,3,1,0,0,0,0,4,0,0,0,0,0,0,34.75000
2013200,2013,Black,Non-Hispanic,10-14,966,4.4554,7.9504,24.03254,7,11,7,65,5,1,1,97,894,767,0,189,1,8,1,0,775,191,3,13,1,0,5,22,37.41598
2013201,2013,Black,Non-Hispanic,15-19,56737,3.6111,9.6918,25.32590,203,811,525,3451,214,465,1805,7474,34769,42609,243,11965,1562,251,66,41,43103,13593,163,393,7,2,101,666,38.11089
2013202,2013,Black,Non-Hispanic,20-24,169887,3.3650,10.1224,27.35482,978,4125,2579,9246,549,4939,20469,42885,122586,114087,2259,34370,18207,626,199,139,116972,52776,522,728,44,32,309,1635,38.14017
2013203,2013,Black,Non-Hispanic,25-29,140724,3.1962,10.6191,28.87914,1323,6067,3945,7960,451,6149,25845,51740,118965,85865,2943,28318,22899,418,159,122,89226,51376,422,527,50,62,299,1360,38.08090
2013204,2013,Black,Non-Hispanic,30-34,103256,3.1345,10.9003,29.47447,1611,6698,4670,6518,409,5037,21943,46886,92238,57997,2380,22796,19557,299,138,89,60676,42491,344,411,57,64,269,1145,37.96241
2013205,2013,Black,Non-Hispanic,35-39,49318,3.1272,11.0180,29.66270,1093,4079,3340,3520,226,2399,11815,26472,46334,24905,1209,12366,10603,125,63,47,26239,23032,195,166,37,63,197,658,37.76107
2013206,2013,Black,Non-Hispanic,40-44,12705,3.1402,11.1363,29.87139,398,1230,1147,1044,72,613,3254,7758,12910,5573,294,3821,2958,28,21,10,5895,6800,88,30,14,18,70,220,37.57743
2013207,2013,Black,Non-Hispanic,45-49,952,3.1802,11.4092,29.15671,34,105,104,102,10,27,201,583,1764,296,15,441,186,6,7,1,317,634,8,2,0,2,4,16,37.16333
2013208,2013,Black,Non-Hispanic,50-54,96,2.8111,11.6044,28.39767,1,11,15,7,0,4,18,56,134,28,1,49,17,0,0,1,29,66,0,0,0,0,0,0,37.10938
2013310,2013,"American Indian/Alaskan Native",Hispanic,10-14,10,3.6000,10.4000,22.63000,1,0,0,0,0,0,0,1,0,6,0,4,0,0,0,0,6,4,0,1,0,0,0,1,38.40000
2013311,2013,"American Indian/Alaskan Native",Hispanic,15-19,914,3.7435,9.6825,24.97073,4,14,1,30,4,13,20,86,120,747,4,146,16,0,1,0,751,163,3,12,0,0,2,17,38.44031
2013312,2013,"American Indian/Alaskan Native",Hispanic,20-24,2043,3.4389,10.1432,26.68007,11,76,11,78,3,43,213,435,685,1489,34,336,179,4,0,1,1527,515,10,12,0,0,3,25,38.70304
2013313,2013,"American Indian/Alaskan Native",Hispanic,25-29,1748,3.3536,10.5606,28.38496,17,124,19,74,5,66,295,600,844,1158,35,291,260,2,2,0,1195,553,3,8,2,0,5,18,38.59159
2013314,2013,"American Indian/Alaskan Native",Hispanic,30-34,1167,3.2575,10.7482,29.01826,17,114,14,53,4,60,240,502,701,738,35,187,204,0,1,2,773,392,4,7,0,0,1,12,38.53688
2013315,2013,"American Indian/Alaskan Native",Hispanic,35-39,545,3.1538,11.0174,28.77894,14,74,11,37,2,24,137,299,510,302,18,103,119,3,0,0,323,222,5,2,2,2,5,16,38.14614
2013316,2013,"American Indian/Alaskan Native",Hispanic,40-44,135,3.4882,11.5873,28.86378,8,18,4,10,1,5,32,78,353,64,4,36,28,3,0,0,71,64,2,1,0,1,1,5,38.02593
2013317,2013,"American Indian/Alaskan Native",Hispanic,45-49,6,3.6667,11.5000,32.44000,0,1,0,0,0,1,1,3,4,3,0,2,1,0,0,0,3,3,0,0,0,0,0,0,38.08333
2013318,2013,"American Indian/Alaskan Native",Hispanic,50-54,2,2.0000,NULL,21.95000,0,0,0,1,0,1,1,3,1,1,0,0,1,0,0,0,1,1,0,0,0,0,0,0,36.25000
2013300,2013,"American Indian/Alaskan Native",Non-Hispanic,10-14,51,5.0600,8.2549,23.90800,0,0,0,3,1,0,0,4,0,42,0,9,0,0,0,0,42,9,0,6,0,0,0,6,38.79412
2013301,2013,"American Indian/Alaskan Native",Non-Hispanic,15-19,3859,3.7652,9.3445,25.19387,19,82,19,209,18,26,89,462,1288,3087,8,671,81,10,2,0,3105,754,33,56,0,0,1,90,38.58946
2013302,2013,"American Indian/Alaskan Native",Non-Hispanic,20-24,10641,3.5731,9.5703,27.41461,52,457,87,552,36,283,1192,2659,4540,7741,119,1685,1073,20,3,0,7880,2761,72,91,2,4,14,183,38.54429
2013303,2013,"American Indian/Alaskan Native",Non-Hispanic,25-29,8927,3.4384,9.9110,28.72808,133,639,201,464,30,404,1501,3372,5751,6029,153,1376,1347,15,3,4,6197,2726,60,61,5,4,11,141,38.46292
2013304,2013,"American Indian/Alaskan Native",Non-Hispanic,30-34,5661,3.3052,10.2610,29.58980,143,631,173,377,23,311,1155,2813,3206,3498,148,994,1007,8,3,3,3654,2004,32,24,0,5,7,68,38.30596
2013305,2013,"American Indian/Alaskan Native",Non-Hispanic,35-39,2482,3.2721,10.4347,30.16881,115,356,152,173,15,156,549,1516,1815,1421,66,505,483,6,0,1,1493,988,18,8,0,3,12,41,37.97134
2013306,2013,"American Indian/Alaskan Native",Non-Hispanic,40-44,519,3.2753,10.3665,29.94510,21,88,33,46,1,32,123,344,333,291,14,102,109,1,0,2,306,211,3,0,0,0,0,3,37.83108
2013307,2013,"American Indian/Alaskan Native",Non-Hispanic,45-49,23,3.3333,10.7368,30.19000,1,1,0,4,0,1,2,9,4,13,1,8,1,0,0,0,14,9,0,0,0,0,0,0,37.21739
2013308,2013,"American Indian/Alaskan Native",Non-Hispanic,50-54,5,4.2000,9.4000,39.00000,0,0,0,2,0,0,0,2,0,2,0,3,0,0,0,0,2,3,0,0,0,0,0,0,36.50000
2013410,2013,"Asian/Pacific Islander",Hispanic,10-14,6,2.6000,12.4000,34.10000,1,0,0,0,0,0,0,1,0,5,0,1,0,0,0,0,5,1,0,0,0,0,0,0,36.58333
2013411,2013,"Asian/Pacific Islander",Hispanic,15-19,707,3.8416,9.7001,24.43624,2,17,2,26,2,4,16,69,117,573,4,117,12,0,1,0,577,130,4,6,1,0,1,12,38.43466
2013412,2013,"Asian/Pacific Islander",Hispanic,20-24,1996,3.2525,10.3752,25.97298,9,73,11,64,5,45,172,379,703,1500,27,321,145,2,1,0,1529,467,5,17,0,1,1,24,38.68145
2013413,2013,"Asian/Pacific Islander",Hispanic,25-29,2093,3.2398,10.6230,26.72064,13,125,17,93,8,64,331,651,1455,1423,51,328,280,9,0,2,1483,608,0,15,0,0,3,18,38.47321
2013414,2013,"Asian/Pacific Islander",Hispanic,30-34,1920,3.0507,11.0591,27.03298,21,156,27,70,6,56,335,671,1467,1222,45,357,290,2,4,0,1269,651,10,12,0,3,4,29,38.43828
2013415,2013,"Asian/Pacific Islander",Hispanic,35-39,1027,3.1288,10.9655,27.05851,21,115,15,59,1,47,224,482,1136,583,24,214,200,3,3,0,610,417,4,12,0,0,3,19,38.16179
2013416,2013,"Asian/Pacific Islander",Hispanic,40-44,253,2.9625,11.2417,27.43708,5,35,7,14,1,5,58,125,192,124,7,71,51,0,0,0,131,122,3,1,1,0,0,5,37.86310
2013417,2013,"Asian/Pacific Islander",Hispanic,45-49,19,3.8421,11.0000,30.02941,0,5,1,3,0,0,2,11,8,12,0,5,2,0,0,0,12,7,0,0,0,0,0,0,37.63158
2013400,2013,"Asian/Pacific Islander",Non-Hispanic,10-14,36,3.8571,5.7714,22.62424,0,0,0,3,0,0,0,3,0,32,0,4,0,0,0,0,32,4,0,0,0,0,0,0,36.54167
2013401,2013,"Asian/Pacific Islander",Non-Hispanic,15-19,3395,3.9412,9.3844,23.32479,10,92,6,107,8,29,54,306,950,2855,8,478,46,6,2,0,2869,526,12,32,1,0,9,54,38.26372
2013402,2013,"Asian/Pacific Islander",Non-Hispanic,20-24,21072,3.3968,10.4720,23.65427,76,960,79,513,30,285,1210,3153,6194,16158,227,3654,983,31,9,10,16416,4646,52,320,2,2,29,405,38.62373
2013403,2013,"Asian/Pacific Islander",Non-Hispanic,25-29,59913,3.0339,11.2056,23.41219,325,4486,320,1426,96,734,5703,13090,18354,41826,802,12266,4901,70,26,22,42698,17193,133,1157,17,12,61,1380,38.70853
2013404,2013,"Asian/Pacific Islander",Non-Hispanic,30-34,82587,2.8518,11.5502,23.37298,538,8003,596,2159,112,1213,12818,25439,31547,52451,1337,17154,11480,82,32,51,53870,28666,198,1301,32,30,106,1667,38.57720
2013405,2013,"Asian/Pacific Islander",Non-Hispanic,35-39,45728,2.8314,11.7060,23.46077,466,5484,594,1588,79,880,9773,18864,21099,25959,891,9936,8878,39,7,18,26889,18821,122,480,16,40,98,756,38.35288
2013406,2013,"Asian/Pacific Islander",Non-Hispanic,40-44,11083,2.8826,11.8441,23.58778,153,1679,245,510,24,246,2638,5495,6681,5431,188,2993,2450,7,12,2,5626,5455,42,89,3,19,35,188,38.06565
2013407,2013,"Asian/Pacific Islander",Non-Hispanic,45-49,808,2.9936,12.4249,23.95637,16,135,28,60,3,20,133,395,364,292,11,381,122,0,1,1,303,504,11,7,1,5,3,27,37.50124
2013408,2013,"Asian/Pacific Islander",Non-Hispanic,50-54,93,2.5934,13.5556,24.28810,1,13,3,6,0,0,13,36,17,25,5,55,8,0,0,0,30,63,1,1,1,0,0,3,37.17742
2014110,2014,Hispanic,Hispanic,10-14,916,4.0406,8.7215,23.46449,1,13,2,43,5,0,0,64,297,757,0,156,0,3,0,0,760,156,5,16,0,0,3,24,37.95509
2014111,2014,Hispanic,Hispanic,15-19,77187,3.3626,9.9461,24.73765,179,1314,237,3298,185,477,2282,7972,13101,61531,240,13251,2042,82,21,20,61853,15314,233,829,17,5,127,1211,38.53159
2014112,2014,Hispanic,Hispanic,20-24,213997,3.0823,10.4904,26.57076,860,6411,1000,7884,391,3706,23293,43545,68044,154978,2454,35372,20836,261,52,44,157693,56260,499,1517,38,27,234,2315,38.62842
2014113,2014,Hispanic,Hispanic,25-29,223949,2.8883,10.9172,27.43192,1491,11693,1576,8224,339,5358,39296,67977,104538,148632,4172,35623,35122,280,61,59,153084,70806,558,1230,52,76,335,2251,38.57542
2014114,2014,Hispanic,Hispanic,30-34,184379,2.8230,11.1628,27.71228,2054,14857,2218,7692,309,4922,38858,70910,101195,113552,3875,31635,34976,237,54,50,117664,66665,460,932,42,118,321,1873,38.44479
2014115,2014,Hispanic,Hispanic,35-39,97317,2.8341,11.3453,28.01913,1759,11237,1849,4885,240,3000,24120,47090,66007,54223,2208,18797,21910,113,43,23,56544,40750,255,389,35,74,208,961,38.24440
2014116,2014,Hispanic,Hispanic,40-44,23192,2.9013,11.4237,28.20427,568,3425,701,1547,71,687,6107,13106,16246,11609,517,5430,5589,24,14,9,12150,11033,86,76,9,33,91,295,37.98641
2014117,2014,Hispanic,Hispanic,45-49,1223,3.0389,11.5402,27.92432,42,216,53,119,7,35,316,788,951,457,29,448,287,2,0,0,488,735,4,3,1,1,1,10,37.55656
2014118,2014,Hispanic,Hispanic,50-54,75,2.8571,11.7183,25.60154,1,11,3,13,0,0,14,42,21,22,1,39,13,0,0,0,23,52,2,0,0,1,0,3,35.54000
2014100,2014,"White, Non-Hispanic",Non-Hispanic,10-14,684,3.9877,9.5827,22.94345,2,13,4,49,4,0,2,74,2,548,1,134,1,0,0,0,549,135,4,9,0,0,1,14,38.12811
2014101,2014,"White, Non-Hispanic",Non-Hispanic,15-19,98184,3.2069,10.9319,24.55813,397,2133,591,5890,320,724,2126,12181,18417,77161,181,18711,1945,107,32,47,77449,20688,334,1191,18,7,102,1652,38.64172
2014102,2014,"White, Non-Hispanic",Non-Hispanic,20-24,413322,3.0052,11.1985,26.12365,2054,12927,3671,22444,1014,9292,36857,88259,133262,300848,3493,74658,33353,433,104,433,304774,108115,1172,4387,70,82,418,6129,38.73294
2014103,2014,"White, Non-Hispanic",Non-Hispanic,25-29,630005,2.7548,11.6541,26.35414,3712,27377,8059,34447,1452,17269,80218,172534,235073,434663,9554,113885,70650,538,164,551,444755,184699,1623,7883,126,151,667,10450,38.74413
2014104,2014,"White, Non-Hispanic",Non-Hispanic,30-34,618134,2.6435,11.8929,26.09654,4360,34664,10433,32518,1375,18609,102508,204467,275209,397884,12651,116582,89840,519,166,492,411054,206588,1581,7442,198,239,703,10163,38.67104
2014105,2014,"White, Non-Hispanic",Non-Hispanic,35-39,268921,2.6610,11.9922,26.38357,2630,20230,6389,15325,716,9947,55973,111210,151127,156391,6400,56027,49563,208,92,240,162999,105682,823,2464,114,212,492,4105,38.47287
2014106,2014,"White, Non-Hispanic",Non-Hispanic,40-44,53354,2.7369,12.1281,26.63192,724,5221,1883,3718,188,2063,12012,25809,35886,27151,1347,14045,10662,51,25,73,28549,24732,233,378,27,65,129,832,38.18128
2014107,2014,"White, Non-Hispanic",Non-Hispanic,45-49,4108,2.7764,12.3384,26.00412,51,457,174,408,22,160,858,2130,3087,1586,94,1648,764,4,3,9,1684,2415,23,22,1,11,13,70,37.64415
2014108,2014,"White, Non-Hispanic",Non-Hispanic,50-54,387,2.7322,12.7115,25.54341,5,39,9,41,1,14,87,196,608,141,7,155,80,0,4,0,148,239,4,5,0,3,5,17,36.97287
2014210,2014,Black,Hispanic,10-14,58,4.8704,8.6607,24.16727,0,1,0,1,0,0,0,2,0,53,0,5,0,0,0,0,53,5,3,2,0,0,0,5,38.15789
2014211,2014,Black,Hispanic,15-19,4228,3.5166,9.7785,25.03360,13,82,25,193,16,42,105,476,809,3356,18,759,87,6,1,1,3380,847,13,49,0,1,4,67,38.37234
2014212,2014,Black,Hispanic,20-24,11941,3.2686,10.2361,26.59458,53,360,99,485,34,340,1300,2671,5705,8470,194,2129,1106,29,6,7,8693,3241,39,99,3,2,12,155,38.54370
2014213,2014,Black,Hispanic,25-29,11238,3.0741,10.6712,27.72465,90,545,144,421,26,414,1976,3616,5700,7297,246,1933,1729,17,6,10,7560,3668,30,64,5,3,15,117,38.51015
2014214,2014,Black,Hispanic,30-34,8286,3.0132,10.9486,28.16701,108,649,190,378,21,351,1747,3444,5309,4934,215,1579,1532,17,5,4,5166,3116,20,38,5,6,10,79,38.37139
2014215,2014,Black,Hispanic,35-39,4226,3.0573,11.0879,28.57789,96,496,139,249,17,198,1045,2240,3151,2222,96,943,949,9,4,3,2327,1896,16,19,1,9,10,55,38.12527
2014216,2014,Black,Hispanic,40-44,903,3.0470,11.3594,28.81449,28,127,56,53,2,40,239,545,553,434,23,229,216,0,1,0,457,446,7,4,0,1,6,18,37.87306
2014217,2014,Black,Hispanic,45-49,56,3.2857,9.9464,26.87091,2,7,2,5,0,3,12,31,14,27,1,17,11,0,0,0,28,28,0,0,0,0,0,0,37.67857
2014218,2014,Black,Hispanic,50-54,3,3.6667,8.0000,23.90000,0,0,0,0,0,0,0,0,0,1,0,2,0,0,0,0,1,2,0,0,0,0,0,0,38.00000
2014200,2014,Black,Non-Hispanic,10-14,941,4.4790,7.9348,24.37842,3,7,6,53,6,0,2,77,299,744,1,192,1,3,0,0,748,193,8,11,0,0,3,22,37.62727
2014201,2014,Black,Non-Hispanic,15-19,53406,3.4969,9.5956,25.34816,202,768,478,3357,224,459,1648,7136,20916,40602,211,10952,1437,137,46,21,40950,12435,182,418,18,6,100,724,38.11089
2014202,2014,Black,Non-Hispanic,20-24,177622,3.2429,10.0346,27.36986,958,4243,2733,10087,669,5311,20389,44390,96411,120700,2397,35824,17989,461,153,98,123558,53966,616,873,54,25,274,1842,38.13771
2014203,2014,Black,Non-Hispanic,25-29,156124,3.0884,10.5062,28.91189,1416,6717,4347,9186,562,7066,28115,57409,104089,96259,3360,31191,24749,327,128,110,99946,56068,540,681,62,46,311,1640,38.10028
2014204,2014,Black,Non-Hispanic,30-34,112887,3.0242,10.8308,29.49423,1684,7345,5111,7510,506,5669,23792,51617,83686,63871,2717,24814,21068,239,91,87,66827,45973,415,469,45,63,317,1309,37.99147
2014205,2014,Black,Non-Hispanic,35-39,55452,3.0105,10.9723,29.94064,1267,4740,3864,4099,277,3080,13394,30721,45192,27848,1486,14004,11906,103,66,39,29437,25976,259,192,36,57,233,777,37.75092
2014206,2014,Black,Non-Hispanic,40-44,13436,3.0906,11.0889,29.96195,415,1462,1260,1179,82,700,3346,8444,10804,5902,331,4138,3015,22,19,9,6255,7172,81,46,7,20,86,240,37.54489
2014207,2014,Black,Non-Hispanic,45-49,1005,3.1832,10.8757,29.31035,34,109,121,110,8,48,246,676,672,325,19,430,227,2,1,1,346,658,7,6,2,4,12,31,37.24925
2014208,2014,Black,Non-Hispanic,50-54,123,3.0455,11.3274,28.25182,1,16,12,20,1,5,27,82,133,36,2,58,25,1,0,1,39,83,1,0,0,0,0,1,37.01626
2014310,2014,"American Indian/Alaskan Native",Hispanic,10-14,10,4.6000,7.2000,24.89000,0,0,0,1,1,0,0,2,0,8,0,2,0,0,0,0,8,2,0,0,0,0,1,1,38.30000
2014311,2014,"American Indian/Alaskan Native",Hispanic,15-19,884,3.5765,9.6440,25.13049,7,24,5,47,4,3,26,116,229,723,1,133,25,1,1,0,725,159,7,9,0,0,1,17,38.62245
2014312,2014,"American Indian/Alaskan Native",Hispanic,20-24,2032,3.2866,9.9550,27.45662,19,83,16,81,5,60,228,492,690,1474,26,326,202,4,0,0,1504,528,11,12,0,1,4,28,38.53890
2014313,2014,"American Indian/Alaskan Native",Hispanic,25-29,1818,3.1718,10.3507,28.38259,16,135,23,96,4,80,286,640,944,1246,42,283,244,2,1,0,1290,528,6,8,1,0,2,17,38.63023
2014314,2014,"American Indian/Alaskan Native",Hispanic,30-34,1321,3.1235,10.5589,29.42773,32,156,26,78,4,64,259,619,919,838,29,221,230,3,0,0,870,451,1,4,1,0,2,8,38.39370
2014315,2014,"American Indian/Alaskan Native",Hispanic,35-39,589,3.1735,10.9664,29.02365,10,82,15,29,3,25,139,303,511,333,20,116,119,1,0,0,354,235,1,4,0,0,1,6,38.08673
2014316,2014,"American Indian/Alaskan Native",Hispanic,40-44,127,3.0240,11.6720,29.90420,4,27,6,12,1,10,32,92,56,59,4,36,28,0,0,0,63,64,0,0,0,0,0,0,37.50394
2014317,2014,"American Indian/Alaskan Native",Hispanic,45-49,5,3.2000,10.8000,27.40000,0,0,0,0,0,0,0,0,0,4,0,1,0,0,0,0,4,1,0,0,0,0,0,0,39.10000
2014318,2014,"American Indian/Alaskan Native",Hispanic,50-54,1,7.0000,5.0000,41.60000,0,0,0,0,0,0,0,0,0,1,0,0,0,0,0,0,1,0,0,0,0,0,0,0,40.00000
2014300,2014,"American Indian/Alaskan Native",Non-Hispanic,10-14,45,4.2273,7.3864,24.55714,0,0,0,3,0,0,0,3,0,45,0,0,0,0,0,0,45,0,1,2,0,0,0,3,37.73864
2014301,2014,"American Indian/Alaskan Native",Non-Hispanic,15-19,4062,3.6286,9.2253,25.52747,15,131,22,277,19,27,106,597,1308,3281,10,663,96,10,2,0,3301,761,30,58,1,0,7,96,38.46870
2014302,2014,"American Indian/Alaskan Native",Non-Hispanic,20-24,11869,3.3810,9.5803,27.38901,96,560,119,624,27,310,1260,2996,4910,8861,158,1715,1102,26,2,5,9045,2819,84,91,5,3,10,193,38.56490
2014303,2014,"American Indian/Alaskan Native",Non-Hispanic,25-29,10730,3.2689,9.8209,28.79452,161,848,189,620,39,519,1828,4204,5036,7319,245,1564,1583,13,3,3,7577,3150,69,64,5,8,26,172,38.47478
2014304,2014,"American Indian/Alaskan Native",Non-Hispanic,30-34,7027,3.1984,10.1766,29.68772,242,777,250,512,41,396,1450,3668,4007,4408,194,1156,1256,9,1,3,4611,2413,57,23,4,7,14,105,38.30791
2014305,2014,"American Indian/Alaskan Native",Non-Hispanic,35-39,2897,3.1862,10.2918,30.07866,176,473,171,263,26,168,628,1905,1874,1681,90,587,538,1,0,0,1772,1125,29,8,1,6,15,59,38.03774
2014306,2014,"American Indian/Alaskan Native",Non-Hispanic,40-44,637,3.2126,10.7572,30.15154,56,113,58,71,4,42,148,492,561,315,25,170,123,3,0,1,343,293,4,2,0,0,3,9,37.79134
2014307,2014,"American Indian/Alaskan Native",Non-Hispanic,45-49,29,3.3929,10.4483,28.37037,1,5,2,3,0,4,8,23,12,11,2,10,6,0,0,0,13,16,0,0,0,0,0,0,37.68966
2014410,2014,"Asian/Pacific Islander",Hispanic,10-14,10,4.3333,9.3333,21.74444,0,0,0,0,0,0,0,0,0,9,0,1,0,0,0,0,9,1,0,0,0,0,0,0,38.90000
2014411,2014,"Asian/Pacific Islander",Hispanic,15-19,828,3.5032,9.8447,24.55299,2,17,0,31,5,7,22,84,520,669,4,131,18,1,1,4,674,150,3,13,0,0,2,18,38.39070
2014412,2014,"Asian/Pacific Islander",Hispanic,20-24,2428,3.2310,10.2425,25.95990,12,57,9,84,7,56,220,445,674,1822,36,379,184,2,1,4,1860,564,10,15,1,1,4,31,38.54450
2014413,2014,"Asian/Pacific Islander",Hispanic,25-29,2782,3.0484,10.7104,26.87540,20,156,24,102,7,72,385,766,1037,1938,53,453,332,2,2,2,1993,787,5,26,0,1,3,35,38.64779
2014414,2014,"Asian/Pacific Islander",Hispanic,30-34,2478,2.9390,11.0780,26.74224,29,219,46,103,6,77,450,930,1559,1613,59,404,390,6,2,4,1678,796,6,20,2,2,3,33,38.55879
2014415,2014,"Asian/Pacific Islander",Hispanic,35-39,1203,2.9024,11.3590,27.06623,15,155,29,84,1,44,265,593,1097,708,35,222,230,4,2,2,747,454,4,7,0,1,1,13,38.14755
2014416,2014,"Asian/Pacific Islander",Hispanic,40-44,274,3.1293,11.0038,27.58016,8,43,14,13,2,9,56,145,95,154,2,63,54,0,0,1,156,117,0,0,0,0,2,2,37.98540
2014417,2014,"Asian/Pacific Islander",Hispanic,45-49,22,3.1500,10.6190,25.02353,0,4,1,2,0,0,6,13,7,6,0,10,6,0,0,0,6,16,0,0,0,0,0,0,37.09091
2014400,2014,"Asian/Pacific Islander",Non-Hispanic,10-14,30,4.1333,7.5333,24.05862,0,0,0,0,0,0,0,0,0,24,0,6,0,0,0,0,24,6,0,0,0,0,0,0,38.78333
2014401,2014,"Asian/Pacific Islander",Non-Hispanic,15-19,3716,3.7765,9.3283,23.74663,9,99,9,97,9,30,65,318,564,3127,17,518,48,5,0,1,3149,566,7,54,0,0,10,71,38.29094
2014402,2014,"Asian/Pacific Islander",Non-Hispanic,20-24,23735,3.2684,10.4285,23.99199,69,1147,83,587,48,333,1422,3689,4935,18431,285,3842,1136,15,6,20,18731,4984,72,366,4,5,34,481,38.66404
2014403,2014,"Asian/Pacific Islander",Non-Hispanic,25-29,68262,2.9003,11.1598,23.55116,308,5261,252,1690,79,829,6644,15063,16038,48160,957,13359,5687,46,15,38,49163,19061,141,1380,10,15,86,1632,38.72501
2014404,2014,"Asian/Pacific Islander",Non-Hispanic,30-34,96750,2.7298,11.4957,23.50833,674,9601,702,2664,129,1586,15235,30591,30276,62211,1819,19180,13414,72,20,34,64102,32614,254,1588,23,33,151,2049,38.59310
2014405,2014,"Asian/Pacific Islander",Non-Hispanic,35-39,52263,2.7038,11.6785,23.61061,597,6654,659,1925,92,1101,11687,22715,20214,29594,1105,10928,10582,16,15,23,30715,21525,164,588,27,48,110,937,38.37108
2014406,2014,"Asian/Pacific Islander",Non-Hispanic,40-44,12250,2.7772,11.7476,23.76388,168,1854,294,621,19,290,3088,6334,7068,5947,257,3191,2831,6,8,10,6210,6030,46,104,7,22,41,220,38.04395
2014407,2014,"Asian/Pacific Islander",Non-Hispanic,45-49,866,2.7748,11.9904,24.19303,12,167,29,90,5,28,177,508,330,304,13,384,164,0,0,1,317,548,6,0,2,1,5,14,37.25289
2014408,2014,"Asian/Pacific Islander",Non-Hispanic,50-54,128,2.7869,11.8240,23.16667,5,19,4,19,1,5,24,77,30,28,3,76,21,0,0,0,31,97,0,2,0,0,1,3,35.97266
2015110,2015,Hispanic,Hispanic,10-14,915,4.0248,8.4022,23.27682,0,10,3,44,1,2,1,61,2,761,0,153,1,0,0,0,761,154,4,8,1,0,0,13,37.97039
2015111,2015,Hispanic,Hispanic,15-19,73135,3.3845,9.9183,24.81572,177,1337,201,3539,163,478,2135,8030,6528,58957,235,11992,1898,28,5,20,59220,13895,255,682,8,5,76,1026,38.51738
2015112,2015,Hispanic,Hispanic,20-24,214795,3.0949,10.4784,26.64447,942,6549,1025,8928,319,4066,23073,44902,43239,156989,2651,34597,20421,78,19,40,159718,55037,597,1376,55,45,211,2284,38.61717
2015113,2015,Hispanic,Hispanic,25-29,234838,2.9140,10.8970,27.53927,1583,12491,1707,9467,348,6234,41460,73290,80340,156771,4587,36455,36867,71,24,63,161429,73346,594,1204,55,74,264,2191,38.58241
2015114,2015,Hispanic,Hispanic,30-34,193696,2.8476,11.1200,27.79217,2170,15913,2254,8806,283,5824,41587,76837,85958,119217,4340,32762,37243,70,24,40,123627,70029,556,845,63,115,267,1846,38.45263
2015115,2015,Hispanic,Hispanic,35-39,103767,2.8601,11.2534,28.05705,1738,12346,2034,5664,195,3579,26044,51600,52854,57867,2578,19800,23461,27,11,23,60472,43272,362,437,36,110,212,1157,38.21775
2015116,2015,Hispanic,Hispanic,40-44,25179,2.9267,11.3879,28.25498,567,3852,765,1745,53,818,6716,14516,14338,12699,575,5751,6140,6,2,6,13280,11893,93,73,10,38,66,280,37.94944
2015117,2015,Hispanic,Hispanic,45-49,1305,2.9722,11.8229,27.80489,32,223,47,145,5,46,285,783,538,536,19,483,266,0,1,0,555,750,7,1,1,2,11,22,37.31954
2015118,2015,Hispanic,Hispanic,50-54,76,2.7500,12.6316,25.95205,1,13,4,15,0,7,18,58,26,19,0,39,18,0,0,0,19,57,0,0,0,0,1,1,35.63158
2015100,2015,"White, Non-Hispanic",Non-Hispanic,10-14,584,3.9440,9.9947,22.77094,0,7,1,41,3,0,0,52,198,476,0,105,0,2,0,1,478,105,4,7,0,0,4,15,37.99142
2015101,2015,"White, Non-Hispanic",Non-Hispanic,15-19,90567,3.1998,10.9521,24.79231,360,2092,588,5987,286,635,1996,11944,12833,71601,164,16839,1832,80,15,36,71845,18686,375,884,8,10,128,1405,38.63081
2015102,2015,"White, Non-Hispanic",Non-Hispanic,20-24,396959,2.9943,11.2295,26.29545,2116,12872,3784,23412,947,8814,35134,87079,99396,290858,3592,70282,31533,290,78,326,294740,101893,1201,3423,78,73,441,5216,38.72347
2015103,2015,"White, Non-Hispanic",Non-Hispanic,25-29,635502,2.7674,11.6568,26.51547,3755,28656,8093,37229,1421,17724,81657,178535,200341,440102,10041,112795,71604,386,110,464,450529,184509,1792,6420,155,183,737,9287,38.74487
2015104,2015,"White, Non-Hispanic",Non-Hispanic,30-34,637117,2.6575,11.8825,26.20801,4594,36458,10527,36116,1365,20087,106177,215324,226138,412412,13744,117796,92413,275,102,375,426431,210311,1886,5788,213,288,855,9030,38.68265
2015105,2015,"White, Non-Hispanic",Non-Hispanic,35-39,286452,2.6730,11.9832,26.48437,2756,22005,6813,17592,660,10761,60542,121129,125284,167107,7309,58450,53220,116,34,216,174532,111704,1000,1893,120,220,524,3757,38.48144
2015106,2015,"White, Non-Hispanic",Non-Hispanic,40-44,54523,2.7515,12.1119,26.71521,721,5558,1928,4304,178,2226,12124,27039,27296,28126,1393,14190,10729,23,8,54,29542,24927,267,290,30,72,156,815,38.18194
2015107,2015,"White, Non-Hispanic",Non-Hispanic,45-49,4394,2.8332,12.4327,26.15750,49,522,174,519,25,173,942,2404,3125,1653,100,1788,842,4,3,4,1757,2633,29,14,4,8,10,65,37.61959
2015108,2015,"White, Non-Hispanic",Non-Hispanic,50-54,407,2.7546,13.2615,25.10755,7,42,20,43,1,15,106,234,468,126,8,173,98,0,0,2,134,271,3,1,0,3,1,8,37.45443
2015210,2015,Black,Hispanic,10-14,47,4.3778,9.2444,23.27442,0,0,0,4,0,0,1,5,2,38,0,8,1,0,0,0,38,9,0,0,0,0,0,0,38.01064
2015211,2015,Black,Hispanic,15-19,4199,3.5649,9.6753,24.98500,14,81,32,230,22,37,121,537,531,3295,13,778,108,2,2,1,3310,888,19,44,2,0,6,71,38.39752
2015212,2015,Black,Hispanic,20-24,12726,3.2224,10.3539,26.66343,57,372,104,668,26,318,1330,2875,2672,9100,177,2285,1153,5,1,5,9282,3439,32,72,3,1,18,126,38.51482
2015213,2015,Black,Hispanic,25-29,12197,3.0522,10.7794,27.85477,125,618,176,615,38,505,2220,4297,5070,7882,297,2080,1923,9,3,3,8188,4006,47,55,5,5,16,128,38.51263
2015214,2015,Black,Hispanic,30-34,8804,2.9937,10.9959,28.38816,131,764,202,500,22,424,2035,4078,3717,5237,224,1525,1811,2,2,3,5463,3338,37,39,5,10,16,107,38.35772
2015215,2015,Black,Hispanic,35-39,4469,2.9918,11.2604,28.51081,95,531,177,307,15,240,1156,2521,2218,2380,140,927,1016,2,2,2,2522,1945,17,19,3,8,15,62,38.12917
2015216,2015,Black,Hispanic,40-44,977,3.0775,11.3701,28.68725,28,138,60,77,5,61,257,626,784,457,25,259,232,3,1,0,485,492,2,1,2,2,5,12,37.90890
2015217,2015,Black,Hispanic,45-49,62,3.1148,11.2667,29.47627,3,9,2,5,1,2,18,40,128,22,2,22,16,0,0,0,24,38,1,0,0,1,1,3,37.41935
2015218,2015,Black,Hispanic,50-54,8,2.1250,14.7500,25.60000,0,4,0,3,0,0,1,8,3,0,0,7,1,0,0,0,0,8,0,0,0,0,0,0,36.81250
2015200,2015,Black,Non-Hispanic,10-14,834,4.6071,7.8638,24.07977,0,5,2,63,6,0,0,76,495,669,0,160,0,4,1,0,673,161,2,16,0,0,1,19,37.38996
2015201,2015,Black,Non-Hispanic,15-19,49411,3.5010,9.5386,25.43230,230,729,492,3536,227,455,1456,7125,9514,37952,218,9913,1237,64,9,18,38234,11159,171,382,14,6,112,685,38.09553
2015202,2015,Black,Non-Hispanic,20-24,173172,3.2368,10.0526,27.47487,1059,4205,2838,11125,632,5271,19555,44685,51406,118801,2418,34538,17132,165,45,73,121384,51715,619,690,41,32,319,1701,38.13802
2015203,2015,Black,Non-Hispanic,25-29,163750,3.1079,10.4946,28.91795,1519,7012,4709,10654,619,7818,30343,62674,74121,101115,3732,32023,26601,132,46,101,104979,58670,601,582,58,57,404,1702,38.08366
2015204,2015,Black,Non-Hispanic,30-34,118432,3.0466,10.7808,29.55925,1753,7718,5671,8634,481,6336,25650,56243,61970,67141,3123,25464,22522,72,42,68,70336,48028,481,453,59,80,349,1422,37.98817
2015205,2015,Black,Non-Hispanic,35-39,60039,3.0382,10.9646,29.94114,1386,5283,4376,5005,284,3464,14849,34647,35453,30347,1686,14759,13161,41,16,29,32074,27936,275,164,32,59,228,758,37.76019
2015206,2015,Black,Non-Hispanic,40-44,14400,3.1022,11.0460,29.95705,463,1564,1439,1344,84,851,3667,9412,8622,6406,359,4305,3307,6,6,11,6771,7618,92,32,9,28,80,241,37.57958
2015207,2015,Black,Non-Hispanic,45-49,1100,3.1578,11.4981,29.44651,34,144,129,142,5,58,252,764,675,379,20,466,232,1,0,2,400,698,6,2,0,4,11,23,37.14741
2015208,2015,Black,Non-Hispanic,50-54,132,3.2683,10.7967,29.01870,5,15,19,23,0,9,32,103,52,32,1,68,31,0,0,0,33,99,1,0,0,0,0,1,36.07955
2015310,2015,"American Indian/Alaskan Native",Hispanic,10-14,9,4.8889,7.0000,25.66250,0,0,0,0,0,0,0,0,0,8,0,1,0,0,0,0,8,1,0,0,0,0,0,0,37.05556
2015311,2015,"American Indian/Alaskan Native",Hispanic,15-19,817,3.6398,9.7535,25.09911,2,20,4,37,3,9,19,94,21,676,2,122,17,0,0,0,678,139,9,6,0,0,1,16,38.63620
2015312,2015,"American Indian/Alaskan Native",Hispanic,20-24,2033,3.3606,9.9104,27.39756,15,99,10,76,7,62,219,488,629,1496,34,314,185,2,0,2,1532,499,3,7,0,0,3,13,38.48278
2015313,2015,"American Indian/Alaskan Native",Hispanic,25-29,1904,3.1738,10.2814,28.24488,24,116,19,105,3,75,387,729,893,1261,52,251,335,1,2,2,1314,588,7,13,1,1,3,25,38.52261
2015314,2015,"American Indian/Alaskan Native",Hispanic,30-34,1397,3.0253,10.6679,29.05764,21,148,27,69,5,61,296,627,1100,897,39,201,257,3,0,0,939,458,5,9,1,0,4,19,38.45057
2015315,2015,"American Indian/Alaskan Native",Hispanic,35-39,630,3.0998,11.1915,29.90201,24,94,25,50,3,36,156,388,281,364,18,109,138,0,0,1,382,247,4,1,0,2,4,11,38.34658
2015316,2015,"American Indian/Alaskan Native",Hispanic,40-44,163,3.1603,11.7632,28.63185,6,23,8,21,1,12,43,114,57,88,10,32,33,0,0,0,98,65,0,0,1,0,1,2,38.07975
2015317,2015,"American Indian/Alaskan Native",Hispanic,45-49,11,2.6364,12.0000,28.51818,0,3,0,2,0,1,4,10,5,2,0,5,4,0,0,0,2,9,0,0,0,0,0,0,37.54545
2015300,2015,"American Indian/Alaskan Native",Non-Hispanic,10-14,43,4.2326,7.4419,24.48500,0,2,0,2,0,0,0,4,0,35,0,8,0,0,0,0,35,8,0,1,0,0,0,1,38.09302
2015301,2015,"American Indian/Alaskan Native",Non-Hispanic,15-19,3885,3.7000,9.2046,25.45657,20,125,15,293,16,23,99,591,1493,3176,22,596,77,14,0,0,3212,673,44,49,1,1,6,101,38.50296
2015302,2015,"American Indian/Alaskan Native",Non-Hispanic,20-24,11303,3.3742,9.5339,27.58851,100,540,127,703,29,309,1207,3015,4438,8483,135,1587,1072,23,1,2,8641,2660,56,69,6,4,15,150,38.50514
2015303,2015,"American Indian/Alaskan Native",Non-Hispanic,25-29,10821,3.2088,9.8591,29.07177,170,918,188,747,36,517,1906,4482,6076,7349,235,1542,1671,20,3,1,7604,3216,66,48,5,10,24,153,38.45236
2015304,2015,"American Indian/Alaskan Native",Non-Hispanic,30-34,7016,3.1510,10.2182,29.85346,227,836,228,562,23,426,1532,3834,4908,4385,207,1078,1325,17,3,1,4609,2406,65,29,8,13,23,138,38.30443
2015305,2015,"American Indian/Alaskan Native",Non-Hispanic,35-39,3156,3.1787,10.2460,30.40880,162,514,172,293,13,204,729,2087,2446,1865,88,556,641,5,0,1,1958,1197,31,11,0,5,10,57,38.11131
2015306,2015,"American Indian/Alaskan Native",Non-Hispanic,40-44,654,3.1399,10.4423,29.76730,32,112,63,75,4,51,149,486,443,367,27,138,122,0,0,0,394,260,8,1,1,2,6,18,37.70214
2015307,2015,"American Indian/Alaskan Native",Non-Hispanic,45-49,39,3.3684,10.6842,28.83684,1,6,2,4,1,1,7,22,12,20,2,12,5,0,0,0,22,17,0,0,0,0,0,0,37.44872
2015308,2015,"American Indian/Alaskan Native",Non-Hispanic,50-54,3,2.6667,14.0000,25.56667,0,0,0,0,0,1,0,1,0,1,0,2,0,0,0,0,1,2,0,0,0,0,0,0,38.00000
2015410,2015,"Asian/Pacific Islander",Hispanic,10-14,5,4.4000,10.0000,26.47500,0,1,0,0,0,0,0,1,0,4,0,1,0,0,0,0,4,1,0,0,0,0,0,0,40.20000
2015411,2015,"Asian/Pacific Islander",Hispanic,15-19,816,3.7159,9.3740,24.52038,2,13,3,35,2,7,23,85,223,663,7,128,16,2,0,0,672,144,0,7,0,1,1,9,38.40502
2015412,2015,"Asian/Pacific Islander",Hispanic,20-24,2473,3.1314,10.5498,26.07924,12,87,13,111,8,61,222,514,691,1867,35,380,187,3,0,1,1905,567,6,23,2,2,5,38,38.62156
2015413,2015,"Asian/Pacific Islander",Hispanic,25-29,2935,3.0533,10.6242,26.73418,19,192,27,139,11,114,445,947,1102,2017,78,469,367,3,0,1,2098,836,12,28,0,1,3,44,38.54449
2015414,2015,"Asian/Pacific Islander",Hispanic,30-34,2537,2.8700,11.1348,26.99617,30,235,40,118,9,117,516,1065,1225,1589,79,428,437,3,1,0,1671,866,6,18,1,4,8,37,38.42035
2015415,2015,"Asian/Pacific Islander",Hispanic,35-39,1366,3.0091,11.0333,27.09408,29,157,37,63,7,39,305,637,734,779,39,279,266,3,0,0,821,545,6,7,2,0,6,21,38.28079
2015416,2015,"Asian/Pacific Islander",Hispanic,40-44,319,2.9701,11.3487,27.87049,12,46,19,25,0,18,73,193,319,160,6,85,67,0,1,0,166,153,5,3,0,1,0,9,38.13323
2015417,2015,"Asian/Pacific Islander",Hispanic,45-49,24,3.5417,9.9583,27.34348,1,2,1,3,0,0,10,17,18,6,0,8,10,0,0,0,6,18,2,0,0,0,0,2,36.47917
2015418,2015,"Asian/Pacific Islander",Hispanic,50-54,1,5.0000,11.0000,25.20000,0,0,0,0,0,0,0,0,0,1,0,0,0,0,0,0,1,0,0,0,0,0,0,0,39.00000
2015400,2015,"Asian/Pacific Islander",Non-Hispanic,10-14,32,4.7241,7.6786,23.48667,0,1,0,2,0,0,0,3,0,25,0,7,0,0,0,0,25,7,0,1,0,0,0,1,37.53125
2015401,2015,"Asian/Pacific Islander",Non-Hispanic,15-19,3439,3.7451,9.3191,23.85651,7,86,8,118,9,29,57,314,262,2911,11,468,46,2,0,1,2924,514,10,48,3,1,5,67,38.20571
2015402,2015,"Asian/Pacific Islander",Non-Hispanic,20-24,23212,3.2529,10.3761,24.06661,83,1245,95,748,57,388,1388,4004,3219,18043,259,3760,1129,11,3,7,18313,4892,53,384,5,1,27,470,38.60446
2015403,2015,"Asian/Pacific Islander",Non-Hispanic,25-29,68584,2.9026,11.1549,23.68278,399,5628,342,2078,106,1064,6717,16334,12036,48456,1046,13370,5671,17,6,18,49519,19047,169,1334,13,21,99,1636,38.73124
2015404,2015,"Asian/Pacific Islander",Non-Hispanic,30-34,99828,2.7425,11.4429,23.68721,821,10860,779,3283,167,1784,15752,33446,25135,64169,2036,19847,13715,21,12,28,66226,33574,240,1458,25,36,156,1915,38.57725
2015405,2015,"Asian/Pacific Islander",Non-Hispanic,35-39,54513,2.7235,11.5942,23.75823,630,7210,788,2277,115,1263,12191,24474,19946,30984,1270,11310,10919,13,4,13,32267,22233,207,553,23,61,146,990,38.34707
2015406,2015,"Asian/Pacific Islander",Non-Hispanic,40-44,12676,2.8016,11.7437,23.86572,212,2053,310,772,42,303,3045,6737,4837,6306,253,3321,2792,1,0,3,6560,6113,51,98,5,26,57,237,38.06946
2015407,2015,"Asian/Pacific Islander",Non-Hispanic,45-49,1034,2.8979,12.0819,24.17548,23,189,39,103,7,30,198,589,935,373,11,460,187,0,2,1,384,649,7,5,0,2,7,21,37.42892
2015408,2015,"Asian/Pacific Islander",Non-Hispanic,50-54,116,2.8739,11.8230,24.51495,4,19,6,13,2,3,25,72,127,33,1,57,24,0,1,0,34,82,2,1,0,0,3,6,37.40086
2016110,2016,Hispanic,Hispanic,10-14,774,4.0531,8.7158,23.46734,0,7,1,52,4,1,1,66,1,639,0,134,1,0,0,0,639,135,4,14,0,0,2,20,37.93208
2016111,2016,Hispanic,Hispanic,15-19,66827,3.4234,9.9090,24.96902,193,1230,221,3324,156,436,1850,7410,8357,53991,250,10893,1600,42,7,44,54283,12500,252,576,6,9,85,928,38.48952
2016112,2016,Hispanic,Hispanic,20-24,204415,3.1130,10.5041,26.79806,923,6732,1133,8950,345,4079,21884,44046,45342,149793,2755,32469,19128,87,21,162,152635,51618,559,1234,40,35,189,2057,38.61014
2016113,2016,Hispanic,Hispanic,25-29,232799,2.9250,10.9169,27.70150,1635,12976,1887,9921,410,6611,41220,74660,83087,155127,4826,36176,36391,100,18,161,160053,72585,587,1182,45,80,269,2163,38.57598
2016114,2016,Hispanic,Hispanic,30-34,191434,2.8555,11.1594,27.89525,2272,16171,2441,9227,360,6247,41761,78479,85687,117317,4515,32147,37246,70,25,114,121902,69418,474,809,37,84,257,1661,38.45236
2016115,2016,Hispanic,Hispanic,35-39,105195,2.8685,11.3022,28.19835,1944,12430,2057,6089,236,3941,26535,53232,54631,58628,2697,19916,23837,37,14,66,61362,43767,312,351,34,54,182,933,38.22408
2016116,2016,Hispanic,Hispanic,40-44,25748,2.9506,11.4222,28.32693,693,4086,801,1847,80,1032,6840,15379,14895,12980,632,5901,6208,8,5,14,13620,12114,122,68,12,37,67,306,37.93042
2016117,2016,Hispanic,Hispanic,45-49,1333,2.9923,11.6012,27.99688,42,250,53,161,7,46,335,894,732,507,30,490,305,1,0,0,538,795,5,1,1,3,9,19,37.41448
2016118,2016,Hispanic,Hispanic,50-54,93,2.8444,11.0444,26.84118,4,13,1,14,0,8,15,55,27,16,0,62,15,0,0,0,16,77,4,0,1,0,0,5,36.43548
2016100,2016,"White, Non-Hispanic",Non-Hispanic,10-14,550,3.9774,9.5906,22.90301,3,8,0,24,1,2,0,38,0,451,0,99,0,0,0,0,451,99,2,3,0,0,0,5,37.98996
2016101,2016,"White, Non-Hispanic",Non-Hispanic,15-19,81580,3.1994,10.9789,24.97750,337,1772,566,5659,285,629,1713,10961,11924,64504,159,15224,1554,73,14,52,64736,16792,319,618,14,5,84,1040,38.60459
2016102,2016,"White, Non-Hispanic",Non-Hispanic,20-24,376204,2.9885,11.2672,26.42296,2007,12557,3674,24015,1055,8563,32586,84457,89794,277304,3524,65682,29055,273,76,290,281101,94813,1016,2549,64,51,305,3985,38.71546
2016103,2016,"White, Non-Hispanic",Non-Hispanic,25-29,630571,2.7852,11.6597,26.64395,3899,29013,8405,39751,1439,17840,80002,180349,197400,438227,10356,111356,69631,416,103,482,448999,181090,1698,5146,122,139,529,7634,38.74299
2016104,2016,"White, Non-Hispanic",Non-Hispanic,30-34,657071,2.6760,11.8700,26.31557,4674,38306,11430,39856,1516,20935,109415,226132,246173,426812,14677,119923,94722,403,130,404,441892,214775,1667,4912,170,204,693,7646,38.67920
2016105,2016,"White, Non-Hispanic",Non-Hispanic,35-39,302774,2.6900,11.9822,26.56843,3048,24046,7593,19820,821,11996,64294,131618,139918,177266,8060,60776,56231,168,68,205,185494,117075,871,1632,97,162,449,3211,38.47628
2016106,2016,"White, Non-Hispanic",Non-Hispanic,40-44,55744,2.7844,12.0827,26.82920,809,5864,2112,4484,216,2452,12646,28583,31480,28979,1529,14003,11116,41,12,64,30549,25131,202,213,29,59,130,633,38.18401
2016107,2016,"White, Non-Hispanic",Non-Hispanic,45-49,4406,2.7867,12.3382,26.19377,52,488,186,449,26,199,1016,2416,3025,1691,90,1690,926,3,0,6,1784,2616,35,8,2,10,10,65,37.71157
2016108,2016,"White, Non-Hispanic",Non-Hispanic,50-54,440,2.8812,13.0788,25.69052,5,45,19,72,3,16,105,265,257,136,4,197,101,1,0,1,141,298,4,1,0,1,0,6,37.39294
2016210,2016,Black,Hispanic,10-14,68,5.1746,8.1719,24.14918,0,0,1,6,0,0,0,7,0,58,0,10,0,0,0,0,58,10,0,0,0,0,0,0,37.86567
2016211,2016,Black,Hispanic,15-19,5626,3.5810,9.5652,24.88992,19,98,40,336,15,55,169,732,782,4515,28,936,141,4,1,1,4547,1078,19,34,0,1,5,59,38.35398
2016212,2016,Black,Hispanic,20-24,17260,3.2767,10.2593,26.72844,82,569,125,905,47,439,1815,3982,4590,12422,282,2995,1533,12,4,12,12716,4532,31,91,1,2,13,138,38.54787
2016213,2016,Black,Hispanic,25-29,18441,3.1166,10.6515,27.83660,142,961,253,917,47,719,3292,6331,6908,11954,475,3176,2817,15,1,3,12444,5994,45,52,2,10,20,129,38.49796
2016214,2016,Black,Hispanic,30-34,14124,3.0535,10.8194,28.26272,216,1173,282,829,47,655,3210,6412,7612,8554,441,2347,2768,9,0,5,9004,5115,40,36,9,8,19,112,38.32376
2016215,2016,Black,Hispanic,35-39,7660,3.0624,10.9401,28.65184,166,943,289,506,24,391,1943,4262,4740,4151,250,1560,1693,3,1,2,4404,3254,30,25,1,5,10,71,38.11968
2016216,2016,Black,Hispanic,40-44,1794,3.2193,11.1913,28.20757,62,308,90,172,7,97,490,1226,1043,888,66,416,424,0,0,0,954,840,11,4,0,1,6,22,37.82302
2016217,2016,Black,Hispanic,45-49,104,3.0594,12.3861,28.12233,3,17,10,13,0,5,26,74,134,44,3,34,23,0,0,0,47,57,2,0,0,0,1,3,37.22596
2016218,2016,Black,Hispanic,50-54,5,2.4000,13.6000,24.58000,1,0,0,0,0,0,3,4,3,0,0,2,3,0,0,0,0,5,0,0,0,0,0,0,36.30000
2016200,2016,Black,Non-Hispanic,10-14,741,4.3527,8.1402,24.19913,3,5,6,62,6,0,2,84,200,589,1,148,1,2,0,0,592,149,4,10,0,0,3,17,37.51015
2016201,2016,Black,Non-Hispanic,15-19,45909,3.5088,9.5360,25.57023,214,657,468,3454,170,426,1323,6712,7184,35254,196,9256,1127,40,9,27,35490,10392,164,265,4,1,67,501,38.03570
2016202,2016,Black,Non-Hispanic,20-24,163046,3.2307,10.0854,27.53132,995,4130,2736,11153,567,5152,17971,42704,47161,112026,2260,32783,15709,135,34,99,114421,48526,546,550,55,22,209,1382,38.10864
2016203,2016,Black,Non-Hispanic,25-29,171057,3.1228,10.4959,29.02982,1589,7269,4893,11623,604,8627,31610,66215,73668,106188,4126,32994,27477,113,44,115,110427,60515,541,508,55,45,265,1414,38.08480
2016204,2016,Black,Non-Hispanic,30-34,123779,3.0767,10.7424,29.60865,2005,8453,6007,9382,516,6922,27453,60738,63564,69912,3453,26223,23993,81,33,84,73446,50249,447,357,50,71,275,1200,37.99881
2016205,2016,Black,Non-Hispanic,35-39,64711,3.0632,10.9351,29.96941,1518,5811,4807,5489,320,3980,16179,38104,38585,32500,1773,15933,14401,43,19,42,34316,30353,268,146,19,45,194,672,37.74349
2016206,2016,Black,Non-Hispanic,40-44,15039,3.1294,11.0693,30.12113,488,1650,1457,1494,93,957,3861,10000,8512,6642,397,4517,3463,8,6,6,7047,7986,86,27,4,25,82,224,37.51794
2016207,2016,Black,Non-Hispanic,45-49,1268,3.3581,11.0441,29.70033,41,162,177,151,13,76,295,915,834,444,30,527,264,1,1,1,475,792,8,1,1,2,8,20,37.08090
2016208,2016,Black,Non-Hispanic,50-54,137,3.5203,11.2031,28.78295,8,15,17,25,1,4,28,98,41,33,1,76,27,0,0,0,34,103,2,0,0,0,1,3,36.18613
2016310,2016,"American Indian/Alaskan Native",Hispanic,10-14,15,5.0000,8.5833,25.85000,0,0,0,1,0,0,0,1,0,13,0,2,0,0,0,0,13,2,0,0,0,0,0,0,38.30000
2016311,2016,"American Indian/Alaskan Native",Hispanic,15-19,773,3.5388,9.5859,25.42686,4,20,3,44,3,3,21,98,122,632,2,119,19,0,0,1,634,138,6,4,0,0,0,10,38.50195
2016312,2016,"American Indian/Alaskan Native",Hispanic,20-24,2032,3.2397,10.1011,27.63627,9,77,13,101,8,62,224,494,804,1483,31,321,193,3,1,0,1517,515,11,10,0,1,2,24,38.62210
2016313,2016,"American Indian/Alaskan Native",Hispanic,25-29,1893,3.1132,10.3062,28.45210,18,130,16,96,6,85,321,672,698,1320,51,250,270,1,0,1,1372,520,4,7,1,0,1,13,38.55670
2016314,2016,"American Indian/Alaskan Native",Hispanic,30-34,1347,2.9680,10.8186,29.48875,31,141,29,78,6,72,296,653,611,827,36,223,260,1,0,0,864,483,4,3,0,0,5,12,38.40973
2016315,2016,"American Indian/Alaskan Native",Hispanic,35-39,706,3.1514,10.9753,29.33260,15,112,21,43,2,40,165,398,379,416,15,123,150,0,1,1,431,274,4,2,0,2,1,9,38.21135
2016316,2016,"American Indian/Alaskan Native",Hispanic,40-44,142,3.1739,11.6594,29.32256,11,30,8,14,0,4,32,99,45,75,7,35,25,0,0,0,82,60,1,1,0,0,0,2,38.12324
2016317,2016,"American Indian/Alaskan Native",Hispanic,45-49,6,3.6667,9.5000,27.22500,0,0,0,1,0,1,0,2,0,2,0,4,0,0,0,0,2,4,0,0,0,0,0,0,35.58333
2016318,2016,"American Indian/Alaskan Native",Hispanic,50-54,1,2.0000,17.0000,23.50000,0,0,0,0,0,0,0,0,0,0,0,1,0,0,0,0,0,1,0,0,0,0,0,0,40.00000
2016300,2016,"American Indian/Alaskan Native",Non-Hispanic,10-14,48,4.7500,6.8542,23.72708,0,1,0,2,0,0,0,3,0,43,0,5,0,0,0,0,43,5,0,2,0,0,0,2,37.90625
2016301,2016,"American Indian/Alaskan Native",Non-Hispanic,15-19,3591,3.6772,9.1210,25.64305,13,132,25,263,23,24,85,565,789,2941,9,558,76,5,2,0,2955,636,34,34,1,0,6,75,38.41841
2016302,2016,"American Indian/Alaskan Native",Non-Hispanic,20-24,10521,3.4060,9.5184,27.67511,87,553,113,681,41,280,1142,2897,4698,7810,153,1536,988,24,5,5,7987,2529,47,81,1,2,4,135,38.49191
2016303,2016,"American Indian/Alaskan Native",Non-Hispanic,25-29,11016,3.2932,9.8473,28.99595,174,916,204,748,43,537,1948,4570,6134,7558,262,1482,1686,18,3,7,7838,3171,81,50,5,5,18,159,38.43416
2016304,2016,"American Indian/Alaskan Native",Non-Hispanic,30-34,7256,3.2258,10.0396,29.90961,249,904,251,585,34,447,1531,4001,5091,4579,192,1124,1339,15,4,3,4786,2467,51,17,2,9,12,91,38.24638
2016305,2016,"American Indian/Alaskan Native",Non-Hispanic,35-39,3268,3.1122,10.3010,30.41310,159,555,170,334,13,265,755,2251,2421,1893,97,613,658,5,1,1,1995,1272,21,9,0,1,4,35,37.93675
2016306,2016,"American Indian/Alaskan Native",Non-Hispanic,40-44,671,3.2368,10.8028,30.37550,43,137,53,83,7,54,173,550,392,356,33,140,140,1,0,1,390,280,2,2,1,0,0,5,37.50972
2016307,2016,"American Indian/Alaskan Native",Non-Hispanic,45-49,26,3.0400,11.3077,27.95385,0,6,3,2,0,3,6,20,10,16,1,4,5,0,0,0,17,9,0,0,0,0,0,0,37.57692
2016308,2016,"American Indian/Alaskan Native",Non-Hispanic,50-54,2,4.0000,11.0000,24.55000,0,0,0,0,0,1,0,1,0,1,0,1,0,0,0,0,1,1,0,0,0,0,0,0,35.00000
2016410,2016,"Asian/Pacific Islander",Hispanic,10-14,26,4.5200,8.1600,23.40000,0,0,0,2,0,0,0,2,0,23,0,3,0,0,0,0,23,3,0,0,0,0,0,0,37.17308
2016411,2016,"Asian/Pacific Islander",Hispanic,15-19,1525,3.6355,9.7978,24.74904,1,33,3,80,5,18,34,174,135,1255,5,235,29,0,1,0,1260,265,5,6,0,0,3,14,38.48360
2016412,2016,"Asian/Pacific Islander",Hispanic,20-24,4599,3.2261,10.3690,26.31739,27,166,30,227,11,107,413,981,703,3455,65,730,348,0,0,1,3520,1078,14,27,0,1,4,46,38.65658
2016413,2016,"Asian/Pacific Islander",Hispanic,25-29,5764,3.0454,10.8840,27.15703,45,344,58,251,15,203,1001,1917,2348,3885,140,873,861,2,1,2,4027,1735,14,25,0,0,4,43,38.61558
2016414,2016,"Asian/Pacific Islander",Hispanic,30-34,4959,2.9665,11.0628,27.60687,74,485,81,249,9,189,1032,2119,2422,3116,135,807,897,2,1,1,3253,1705,15,18,1,3,4,41,38.45438
2016415,2016,"Asian/Pacific Islander",Hispanic,35-39,2814,2.9898,11.0915,27.76486,57,434,96,179,14,132,705,1617,1657,1609,74,497,631,2,0,1,1685,1128,14,4,2,3,8,31,38.16495
2016416,2016,"Asian/Pacific Islander",Hispanic,40-44,737,2.9986,11.5389,27.82987,23,118,26,65,5,39,200,476,322,356,23,181,177,0,0,0,379,358,1,2,0,0,2,5,37.83016
2016417,2016,"Asian/Pacific Islander",Hispanic,45-49,39,3.1892,11.6053,27.50526,0,7,1,3,0,4,17,32,26,12,3,10,14,0,0,0,15,24,0,0,0,0,0,0,37.75641
2016418,2016,"Asian/Pacific Islander",Hispanic,50-54,5,3.6000,12.8000,24.76000,0,0,0,0,0,0,1,1,1,2,0,2,1,0,0,0,2,3,0,0,0,0,0,0,38.40000
2016400,2016,"Asian/Pacific Islander",Non-Hispanic,10-14,19,5.2632,7.8947,25.14118,0,0,0,0,0,0,0,0,0,18,0,1,0,0,0,0,18,1,0,0,0,0,0,0,38.15789
2016401,2016,"Asian/Pacific Islander",Non-Hispanic,15-19,3049,3.7112,9.2384,23.79021,6,81,6,148,13,29,59,342,659,2549,14,435,45,5,1,0,2568,481,14,34,1,0,2,51,38.27373
2016402,2016,"Asian/Pacific Islander",Non-Hispanic,20-24,22642,3.2496,10.2924,24.09407,93,1223,87,746,65,414,1415,4043,3412,17514,319,3694,1096,7,2,10,17840,4792,50,289,2,7,38,386,38.62589
2016403,2016,"Asian/Pacific Islander",Non-Hispanic,25-29,73862,2.9217,11.1215,23.68539,472,6452,436,2125,121,1106,7167,17879,15667,52263,1202,14351,5964,32,10,40,53497,20325,177,1203,17,13,80,1490,38.71174
2016404,2016,"Asian/Pacific Islander",Non-Hispanic,30-34,107861,2.7553,11.4194,23.73947,957,12060,884,3705,223,1943,17292,37064,30522,69382,2378,21080,14911,49,9,52,71809,36000,257,1480,37,50,159,1983,38.59349
2016405,2016,"Asian/Pacific Islander",Non-Hispanic,35-39,58848,2.7328,11.5436,23.90561,755,8165,892,2594,135,1483,13201,27225,21857,33535,1471,12074,11729,19,4,16,35025,23807,169,557,20,43,126,915,38.35242
2016406,2016,"Asian/Pacific Islander",Non-Hispanic,40-44,13042,2.8020,11.7272,24.03601,256,2133,334,803,43,366,3148,7083,4944,6536,268,3349,2880,2,0,7,6806,6229,81,85,11,26,65,268,38.02264
2016407,2016,"Asian/Pacific Islander",Non-Hispanic,45-49,1081,2.8248,12.4253,23.78193,27,198,35,118,3,25,223,629,495,381,13,477,210,0,0,0,394,687,4,5,0,0,4,13,37.49028
2016408,2016,"Asian/Pacific Islander",Non-Hispanic,50-54,120,2.8684,11.8609,24.74035,4,26,5,20,3,4,31,93,40,37,2,52,29,0,0,0,39,81,0,1,0,2,0,3,36.68487
